name,note,source,group,subgroup
108 Plum Blossoms,"Forces 2, Correspondence 2",Dragons of the East page 59; Enlightened Grimoire p. 60,Enhanced Combat,
Abundance,Correspondence 2,Tradition Book: Celestial Chorus (Revised) page 57; Mage: The Ascension Revised page 159; Enlightened Grimoire p. 84,Inanimate Objects,
Accelerate Time,Time 3,Mage: The Ascension First Edition page 218; Mage: The Ascension Second Edition page 223; Enlightened Grimoire p. 145,Space-Time Management,
Accelerated Aging,"Life 3, Time 3",Convention Book: Progenitors (Revised) page 72; Enlightened Grimoire p. 71,Healing and Harming,
Ace of Diamonds,"Entropy 3, Prime 1",The Spirit Ways page 90; Guide to the Technocracy page 209; Enlightened Grimoire p. 13,Blessings and Curses,
Actively Actuarial,Entropy 2,Guide to the Technocracy page 208; Enlightened Grimoire p. 13,Blessings and Curses,
Adad,"Entropy 2, Correspondence 2, Spirit 1",Dead Magic page 53; Enlightened Grimoire p. 25,Divination and Fate,
Adjust Major Anomalies,Mind 3,Technocracy: Void Engineers page 44; Enlightened Grimoire p. 75,Healing and Harming,
Adjust Minor Anomalies,Mind 2,Technocracy: Void Engineers page 44; Enlightened Grimoire p. 75,Healing and Harming,
Agrivelopment,"Life 3, Matter 3",Convention Book: Progenitors (Revised) page 73; Enlightened Grimoire p. 167,Transformations,
AI (Artificial Intelligence),Mind 5,Mage: The Ascension Second Edition page 211; Enlightened Grimoire p. 23,Computers,
Akua Kumu Haka (Guided Fireball),"Forces 3, Prime 2, Spirit 3, optional Correspondence 2",Dead Magic 2 page 26; Enlightened Grimoire p. 40,Elemental Magick,
Ala Wai (Short Waters),Correspondence 3,Dead Magic 2 page 27; Enlightened Grimoire p. 99,Movement and Communication,
All Tomorrow's Parties,"Mind 3, Time 2",Orphan’s Survival Guide page 127; Enlightened Grimoire p. 29,Divination and Fate,
Allergic Reaction,"Entropy 4, Life 4, Prime 3",World of Darkness: Outcasts page 90; Enlightened Grimoire p. 71,Healing and Harming,
Alley Vanish,"Correspondence 3, Mind 2",Tradition Book: Hollow Ones (Revised) page 61; Enlightened Grimoire p. 110,Movement and Communication,
Alter Simple Creature,Life 2,Mage: The Ascension Revised page 170; Enlightened Grimoire p. 167,Transformations,
Alter Small Sequence,Life 2,Technocracy: Progenitors page 43; Enlightened Grimoire p. 167,Transformations,
Alter State,Matter 5,Mage: The Ascension First Edition page 203; Mage: The Ascension Second Edition page 206; Mage: The Ascension Second Edition page 207; Mage: The Ascension Revised page 174; Enlightened Grimoire p. 81,Inanimate Objects,
An Hour in Hellfire,"Mind 3, Time 3",Infernalism: The Path of Screams page 86; Enlightened Grimoire p. 145,Space-Time Management,
Ana'ana (The Death Prayer),"Correspondence 3, Life 3 or Spirit 3",Dead Magic 2 page 27; Enlightened Grimoire p. 71,Healing and Harming,
Analyze Substance,Matter 1,Mage: The Ascension First Edition page 202; Mage: The Ascension Second Edition page 206; Mage: The Ascension Revised page 173; Enlightened Grimoire p. 84,Inanimate Objects,
Animal Form,Life 5,Mage: The Ascension First Edition page 201; Mage: The Ascension Second Edition page 203; Mage: The Ascension Revised page 171; Enlightened Grimoire p. 171,Transformations,
Animal Possession,"Mind 4, optional Correspondence 2",The Spirit Ways page 92; Enlightened Grimoire p. 188,Uncanny Influence,
Animal Riding,"Mind 3, optional Correspondence 2",The Spirit Ways page 89; Enlightened Grimoire p. 188,Uncanny Influence,
Animal Shift,Life 4,Dead Magic page 50; Enlightened Grimoire p. 171,Transformations,
Ansu Ishten,"Entropy 3, Matter 3, optional Life 3",Dead Magic page 56; Enlightened Grimoire p. 9,Blessings and Curses,
Anunnaku,"Entropy 3, Prime 3, Spirit 3",Dead Magic page 54; Enlightened Grimoire p. 30,Divination and Fate,
"Ap-Sobk, ""Last Judgment of Sobk""",Spirit 4,Book of Crafts page 58; Enlightened Grimoire p. 156,"Summoning, Binding and Warding",
Apathy,"Entropy 3, Mind 2",Hidden Lore page 13; World of Darkness: Outcasts page 91; Enlightened Grimoire p. 181,Uncanny Influence,
Aphrodite's Blessing,Life 2,Tradition Book: Cult of Ecstasy (First Edition) page 65; Enlightened Grimoire p. 73,Healing and Harming,
Apportation,"Correspondence 2, Forces 2",Mage: The Ascension Second Edition page 189; Enlightened Grimoire p. 85,Inanimate Objects,
Arashi-Waza,"Correspondence 2, Forces 2, Time 3",Tradition Book: Akashic Brotherhood (Revised) page 68; Enlightened Grimoire p. 61,Enhanced Combat,
Arrest the Flight of Arrows,Forces 2,Tradition Book: Verbena (Revised) page 64; Enlightened Grimoire p. 57,Enhanced Combat,
Audience of Inanna,"Correspondence 2, Matter 2, Time 1",Dead Magic page 57; Enlightened Grimoire p. 23,Computers,
Augment Simple Lifeform,"Life 2; Life 2, optional Prime 2",Technocracy: Progenitors page 41; Enlightened Grimoire p. 168,Transformations,
Auric Trail,"Correspondence 1 or 2, Prime 1, Spirit 1 or 2",Infinite Tapestry page 181; Enlightened Grimoire p. 33,Divination and Fate,
Avatar Form,"Life 4, Prime 2, Mind 2",Book of Shadows page 138; Enlightened Grimoire p. 171,Transformations,
Awaken Flame,"Forces 2 or 3, Spirit 3, optional Prime 2",The Spirit Ways page 87; Enlightened Grimoire p. 40,Elemental Magick,
Awaken the Inanimate,Spirit 3,Mage: The Ascension Second Edition page 218; Mage: The Ascension Revised page 187; Mage: The Ascension 20th Anniversary Edition page 607; Enlightened Grimoire p. 91,Inanimate Objects,
Awaken the Sleeping Earth,"Prime 3, Matter 3",Book of Chantries page 149; Enlightened Grimoire p. 46,Energy-Work,
Babel,"Mind 2, optional Matter 2",Hidden Lore page 51; Enlightened Grimoire p. 105,Movement and Communication,
Back Door Parole,"Life 3, Prime 1, optional Mind 2",Orphan’s Survival Guide page 127; Enlightened Grimoire p. 165,Transformations,
Back to the Earth,"Matter 4, Life 3, Prime 2",The Swashbuckler’s Handbook page 92; Hidden Lore page 51; Enlightened Grimoire p. 92,Inanimate Objects,
Balance the Scales,"Entropy 2 or 3, Life 2 or Matter 2 or Forces 2",Tradition Book: Euthanatos (First Edition) page 67; Enlightened Grimoire p. 9,Blessings and Curses,
Balefire,"Forces 3, Spirit 3, Prime 2",Infernalism: The Path of Screams page 86; Enlightened Grimoire p. 40,Elemental Magick,
Ball of Abysmal Flames,"Forces 5, Prime 4 or 5, Time 4, Matter 3",Mage: The Ascension First Edition page 223; Tradition Book: Order of Hermes (First Edition) page 67; Enlightened Grimoire p. 41,Elemental Magick,
Bambolai,"Spirit 3 or Matter 2, Prime 2",Tradition Book: Cult of Ecstasy (First Edition) page 66; Enlightened Grimoire p. 91,Inanimate Objects,
Banish Elemental,"Forces 2, Spirit 2",Hidden Lore page 17; Enlightened Grimoire p. 37,Elemental Magick,
Baptism Rune,Entropy 4,Dead Magic 2 page 100; Enlightened Grimoire p. 9,Blessings and Curses,
Battle Rune,"Correspondence 3, Life 4, Mind 3",Dead Magic 2 page 99; Enlightened Grimoire p. 59,Enhanced Combat,
Be Cool,Mind 2,Book of Shadows page 141; Enlightened Grimoire p. 184,Uncanny Influence,
Being Invisible,"Forces 3, Mind 3",Tradition Book: Hollow Ones (Revised) page 61; Enlightened Grimoire p. 140,Obfuscation,
Betrayal of the Burning Arrow,"Forces 3, Correspondence 1",Tradition Book: Order of Hermes (Revised) page 66; Enlightened Grimoire p. 41,Elemental Magick,
Bewitchment,"Mind 2 or 3, optional Entropy 2 or Life 3",The Swashbuckler’s Handbook page 90; Enlightened Grimoire p. 183,Uncanny Influence,
Binding Song,"Correspondence 4, Time 3",Lost Paths: Ahl-i-Batin and Taftani page 88; Dead Magic 2 page 126; Enlightened Grimoire p. 153,"Summoning, Binding and Warding",
Bio-Luminescence,"Forces 3, Life 3",Tradition Book: Sons of Ether (First Edition) page 64; Enlightened Grimoire p. 177,Transformations,
Biochemical Regulation,Life 3,Technocracy: Progenitors page 44; Enlightened Grimoire p. 177,Transformations,
Biometric Holographic Recreation,"Forces 2, Time 2",Convention Book: Progenitors (Revised) page 72; Enlightened Grimoire p. 30,Divination and Fate,
Black Card/Little Black Box,"Correspondence 2, Forces 2, Mind 2",Mage: The Ascension 20th Anniversary Edition page 601; Enlightened Grimoire p. 21,Computers,
Blade Sense,"Correspondence 1, Matter 1, Life 1",The Swashbuckler’s Handbook page 94; Enlightened Grimoire p. 62,Enhanced Combat,
Blight/Farmer’s Favor,"Life 3, Time 3 or Correspondence 2, Matter 2, optional Spirit 2, Prime 2",Mage: The Sorcerer’s Crusade page 271; Enlightened Grimoire p. 9,Blessings and Curses,
Blood for the Gods,"Spirit 3, Life 2, Prime 1",Dead Magic page 75; Enlightened Grimoire p. 55,Energy-Work,
Blood of the Sacred King,Prime 3,Tradition Book: Verbena (Revised) page 65; Enlightened Grimoire p. 55,Energy-Work,
Body of Light,Prime 2,Mage: The Ascension Revised page 183; Enlightened Grimoire p. 46,Energy-Work,
Body of the Spirit,"Life 3, Spirit 3",Book of Crafts page 135; Enlightened Grimoire p. 116,Movement and Communication,
Bond of Blood,Prime 3,Technocracy: Void Engineers page 46; Mage: The Ascension First Edition page 211; Mage: The Ascension Second Edition page 215; Mage: The Ascension Revised page 183; Enlightened Grimoire p. 49,Energy-Work,
Book of Whispers,"Mind 2, Matter 3, Time 3",Blood Treachery page 88; Enlightened Grimoire p. 25,Divination and Fate,
Boot Buzzer,"Correspondence 2, Forces 2, optional Forces 3, Prime 2",Hidden Lore page 20; Enlightened Grimoire p. 20,Computers,
Brain Boost,Mind 1,Digital Web 2.0 page 114; Enlightened Grimoire p. 177,Transformations,
Brand (the Rawhide Rote),"Entropy 2, Forces 2, Prime 2, optional Time 4",Digital Web 2.0 page 112; Enlightened Grimoire p. 17,Computers,
Branding,Mind 2,Convention Book: Syndicate (Revised) page 72; Enlightened Grimoire p. 184,Uncanny Influence,
Branding the Heart,"Mind 2, Forces 2",Artisan’s Handbook page 52; Enlightened Grimoire p. 77,Healing and Harming,
Breach the Gauntlet,Spirit 4,Mage: The Ascension First Edition page 215; Mage: The Ascension Second Edition page 218; Mage: The Ascension Revised page 189; Enlightened Grimoire p. 112,Movement and Communication,
Break the Dreamshell,Spirit 5,Mage: The Ascension First Edition page 215; Mage: The Ascension Revised page 189; Enlightened Grimoire p. 113,Movement and Communication,
Bridge of Blood,"Spirit 4, Prime 3",Infinite Tapestry page 181; Enlightened Grimoire p. 113,Movement and Communication,
Bug Off,"Life 3, Prime 2",Book of Crafts page 74; Enlightened Grimoire p. 188,Uncanny Influence,
Bullet Catch,"Forces 2, Life 2, Time 2",Mage: The Ascension 20th Anniversary Edition page 607; Enlightened Grimoire p. 61,Enhanced Combat,
Bum a Dollar from the Universe,"Entropy 2, Matter 2",Tradition Book: Hollow Ones (Revised) page 61; Enlightened Grimoire p. 11,Blessings and Curses,
Burn Out,"Forces 2, Entropy 1",Book of Shadows page 145; Enlightened Grimoire p. 20,Computers,
Burn-Out,"Forces 2, Prime 1",World of Darkness: Outcasts page 91; Enlightened Grimoire p. 87,Inanimate Objects,
Buzz,Prime 2,Hidden Lore page 48; Enlightened Grimoire p. 77,Healing and Harming,
Buzzwords,"Entropy 3, Mind 2",Guide to the Technocracy page 209; Enlightened Grimoire p. 11,Blessings and Curses,
Caesar’s Due,"Entropy 2 or Forces 3, Prime 2, Correspondence 3",Tradition Book: Order of Hermes (Revised) page 67; Enlightened Grimoire p. 11,Blessings and Curses,
Call Forth the Forgotten,"Life 5, Prime 2, Spirit 2",Book of Shadows page 147; Enlightened Grimoire p. 156,"Summoning, Binding and Warding",
Call Lightning,Forces 3,Mage: The Ascension First Edition page 195; Mage: The Ascension Second Edition page 199; Enlightened Grimoire p. 39,Elemental Magick,
Call Spirit,Spirit 2,Mage: The Ascension First Edition page 214; Mage: The Ascension Second Edition page 217; Mage: The Ascension Revised page 187; Enlightened Grimoire p. 157,"Summoning, Binding and Warding",
Call the Dreamborn Sibling,Spirit 2,Dead Magic 2 page 63; Enlightened Grimoire p. 157,"Summoning, Binding and Warding",
Calling the Wind Lords,"Forces 2, Spirit 2",Tradition Book: Verbena (First Edition) page 64; Enlightened Grimoire p. 44,Elemental Magick,
Captain's Treasure,"Prime 4, Entropy 2",Digital Web page 99; Enlightened Grimoire p. 22,Computers,
Celestial Prediction,Time 2,Order of Reason page 86; Enlightened Grimoire p. 31,Divination and Fate,
Chain,"Forces 2, Time 1",Mage: The Ascension Second Edition page 189; Artisan’s Handbook page 51; Enlightened Grimoire p. 143,Space-Time Management,
Chain of Whispers,"Mind 3, Correspondence 2",The Swashbuckler’s Handbook page 93; Mage: The Ascension 20th Anniversary Edition page 608; Enlightened Grimoire p. 103,Movement and Communication,
Chaos Butterfly,"Entropy 2, Prime 2, Spirit 2",Blood Treachery page 91; Enlightened Grimoire p. 27,Divination and Fate,
Checklist,Entropy 2 or Prime 5,Convention Book: Void Engineers (Revised) page 85; Enlightened Grimoire p. 95,Miscellaneous,
Chirurgeon,Life 3,Order of Reason page 74; Enlightened Grimoire p. 73,Healing and Harming,
Chronopathy,"Time 2 or 4, Mind 3",Hidden Lore page 16; Enlightened Grimoire p. 31,Divination and Fate,
Cinnabar Tears,"Life 3, Matter 2",Tradition Book: Akashic Brotherhood (Revised) page 67; Enlightened Grimoire p. 69,Healing and Harming,
Circe's Enchantment,Life 5,Tradition Book: Verbena (Revised) page 66; Enlightened Grimoire p. 171,Transformations,
Circle Ward,"Spirit 2, Mind 1, Prime 2",Tradition Book: Verbena (First Edition) page 64; Enlightened Grimoire p. 160,"Summoning, Binding and Warding",
Cloak of Shadows,Entropy 2,Order of Reason page 69; Enlightened Grimoire p. 140,Obfuscation,
Clone,Life 5,Technocracy: Progenitors page 41; Enlightened Grimoire p. 169,Transformations,
Cloning,Life 5,Technocracy: Progenitors page 40; Enlightened Grimoire p. 169,Transformations,
Cloud Cover,Forces 5,Order of Reason page 108; Enlightened Grimoire p. 44,Elemental Magick,
Co-Location,Correspondence 5,Mage: The Ascension First Edition page 188; Mage: The Ascension Second Edition page 191; Mage: The Ascension Revised page 160; Enlightened Grimoire p. 143,Space-Time Management,
Coffin for a Fisher,"Spirit 3, Matter 2",Dead Magic page 26; Enlightened Grimoire p. 131,Necromancy,
Comp Me,Entropy 3 or Mind 2,Tradition Book: Cult of Ecstasy (Revised) page 71; Fallen Tower: Las Vegas pas 119; Enlightened Grimoire p. 185,Uncanny Influence,
Conclave Wellness Works,"Entropy 2, Mind 2, Life 1",Book of Crafts page 88; Enlightened Grimoire p. 67,Healing and Harming,
Conference Call,"Correspondence 4, Forces 4, Prime 2",Technocracy: Syndicate page 49; Enlightened Grimoire p. 143,Space-Time Management,
Conjure the Jade Warrior,"Spirit 5, Matter 3, Prime 3",Book of Crafts page 135; Enlightened Grimoire p. 157,"Summoning, Binding and Warding",
Contingent Effect,Time 4,Mage: The Ascension Revised page 193; Enlightened Grimoire p. 46,Energy-Work,
Cool Glamour,Mind 2,Tradition Book: Hollow Ones (Revised) page 62; Enlightened Grimoire p. 185,Uncanny Influence,
Coordinated Fire,"Correspondence 1, Mind 2, Time 1",Convention Book: Void Engineers (Revised) page 85; Enlightened Grimoire p. 59,Enhanced Combat,
Coordination,"Correspondence 3, Mind 3",Guide to the Technocracy page 206; Enlightened Grimoire p. 189,Uncanny Influence,
Core Dump,"Correspondence 2, Time 2, Forces 3 or Mind 3",Tradition Book: Virtual Adepts (Revised) page 64; Enlightened Grimoire p. 22,Computers,
Correspondence Sensing,Correspondence 2,Mage: The Ascension First Edition page 185; Mage: The Ascension Revised page 159; Enlightened Grimoire p. 33,Divination and Fate,
Corrupt Text,"Matter 2, optional Mind 2, optional Entropy 3",Lost Paths: Ahl-i-Batin and Taftani page 88; Enlightened Grimoire p. 106,Movement and Communication,
Counter-Irritant,Life 2,Dead Magic page 27; Enlightened Grimoire p. 77,Healing and Harming,
Counterintelligence,"Matter 2, Spirit 2, optional Prime 2",Technocracy: New World Order page 44; Convention Book: New World Order (Revised) page 87; Tradition Book: Sons of Ether (Revised) page 61; Enlightened Grimoire p. 160,"Summoning, Binding and Warding",
Counterspell Rune,Prime 3,Dead Magic 2 page 98; Enlightened Grimoire p. 46,Energy-Work,
Courtesan’s Draught/Blessed Heir,"Life 2 or 3, optional Correspondence 2",The Swashbuckler’s Handbook page 90; Enlightened Grimoire p. 169,Transformations,
Craft Tome,"Entropy 3, Mind 1",Order of Reason page 89; Enlightened Grimoire p. 107,Movement and Communication,
Cram Session,"Time 3, Mind 1",Guide to the Technocracy page 216; Enlightened Grimoire p. 125,Mystic Perception,
Create Talen,"Spirit 3, optional Prime 2",The Spirit Ways page 90; Enlightened Grimoire p. 89,Inanimate Objects,
Create Virtual Object/Create Daemon,"Forces 3, Prime 2, optional Mind 4, optional Spirit 4","Digital Web page 98 (Object), 99 (Daemon); Digital Web 2.0 page 114; Enlightened Grimoire p. 17",Computers,
Crime and Consequence,"Mind 2, Time 2",Tradition Book: Cult of Ecstasy (Revised) page 72; Enlightened Grimoire p. 31,Divination and Fate,
Crowdsourced Combat,"Correspondence 2, Forces 1, Mind 1",Convention Book: Syndicate (Revised) page 72; Enlightened Grimoire p. 57,Enhanced Combat,
Cry of Distress,Mind 3,Order of Reason page 79; Enlightened Grimoire p. 103,Movement and Communication,
Cuicuilco's Demise,"Forces 5, Matter 4",Dead Magic page 74; Enlightened Grimoire p. 39,Elemental Magick,
Cup of Joe,Prime 3,Tradition Book: Hollow Ones (Revised) page 62; Enlightened Grimoire p. 51,Energy-Work,
Curse of Macha,Life 2,Tradition Book: Verbena (Revised) page 66; Enlightened Grimoire p. 77,Healing and Harming,
Curse of the Mayfly,"Mind 3, Life 3; Entropy 4, Life 4",Mage: The Ascension First Edition page 222; Enlightened Grimoire p. 71,Healing and Harming,
Cycle of the Five Agents,"Forces 3, Matter 2, Prime 2",Dragons of the East page 59; Enlightened Grimoire p. 37,Elemental Magick,
Cypher Wheel,"Mind 1 or Entropy 1, optional Matter 2",Order of Reason page 77; Enlightened Grimoire p. 107,Movement and Communication,
Daedalean Labyrinth,Correspondence 5,Order of Reason page 107; Enlightened Grimoire p. 148,Space-Time Management,
Daedalus Gateway,"Correspondence 4, Mind 3",Technocracy: New World Order page 49; Enlightened Grimoire p. 111,Movement and Communication,
Danse Macabre,Entropy 1,Order of Reason page 69; Enlightened Grimoire p. 119,Mystic Perception,
Dark Streets,"Entropy 2, Forces 2",Tradition Book: Hollow Ones (Revised) page 62; Enlightened Grimoire p. 140,Obfuscation,
Death Ray,"Entropy 4 or Forces 3, Prime 2, optional Time 3",Tradition Book: Sons of Ether (Revised) page 60; Enlightened Grimoire p. 63,Enhanced Combat,
Death Song,"Life 2, Time 2, Prime 1, Mind 1",Tradition Book: Celestial Chorus page 64; Enlightened Grimoire p. 103,Movement and Communication,
Death’s Passage,"Entropy 4, Spirit 3, Life 2",The Swashbuckler’s Handbook page 93; Enlightened Grimoire p. 109,Movement and Communication,
Deduction,"Life 1, Mind 1",Hidden Lore page 18; Enlightened Grimoire p. 125,Mystic Perception,
Deep Umbra Travel,Spirit 5,Mage: The Ascension First Edition page 215; Mage: The Ascension Second Edition page 219; Mage: The Ascension Revised page 189; Enlightened Grimoire p. 113,Movement and Communication,
Defense Screen Versus Higher Lifeforms,Life 3,Technocracy: Void Engineers page 43; Enlightened Grimoire p. 160,"Summoning, Binding and Warding",
Defense Screen Versus Lower Lifeforms,Life 2,Technocracy: Void Engineers page 43; Enlightened Grimoire p. 160,"Summoning, Binding and Warding",
Degree Absolute,"Mind 5, Correspondence 4",Technocracy: New World Order page 50; Enlightened Grimoire p. 77,Healing and Harming,
Deity Form,"Forces 3, Life 4, Prime 4, Spirit 2, optional Entropy 5",Dead Magic 2 page 80; Enlightened Grimoire p. 171,Transformations,
Delay Paradox,"Prime 3, Spirit 3, Time 3",Lost Paths: Ahl-i-Batin and Taftani page 89; Enlightened Grimoire p. 51,Energy-Work,
Delirium,"Correspondence 2, Forces 3, Mind 3, Prime 2",Orphan’s Survival Guide page 128; Tradition Book: Virtual Adepts (First Edition) page 62; Enlightened Grimoire p. 191,Uncanny Influence,
Destroy Structures,Matter 3,Mage: The Ascension First Edition page 203; Mage: The Ascension Second Edition page 206; Mage: The Ascension Revised page 173; Enlightened Grimoire p. 95,Miscellaneous,
Destructive Genegineering,"Entropy 3, Life 3",Convention Book: Progenitors (Revised) page 73; Enlightened Grimoire p. 71,Healing and Harming,
Detect Possession,Spirit 1,Mage: The Ascension Second Edition page 217; Mage: The Ascension Revised page 187; Enlightened Grimoire p. 155,"Summoning, Binding and Warding",
Devouring Gullet of Flame,"Forces 4, Prime 2",Lost Paths: Ahl-i-Batin and Taftani page 87; Enlightened Grimoire p. 41,Elemental Magick,
Digital Disruption,"Forces 2, Prime 2, optional Entropy 2",Digital Web page 98 (as Joshua’s Goodbye); Digital Web 2.0 page 112; Enlightened Grimoire p. 17,Computers,
Dim Mak,Entropy 1,Mage: The Ascension First Edition page 191; Mage: The Ascension Second Edition page 193; Enlightened Grimoire p. 121,Mystic Perception,
Dimension Bomb,Spirit 2,Guide to the Technocracy page 207; Order of Reason page 85; Enlightened Grimoire p. 151,"Summoning, Binding and Warding",
Dingo's Touch,"Entropy 1, Forces 2",Dead Magic 2 page 63; Enlightened Grimoire p. 102,Movement and Communication,
Dionysus's Gift,"Life 4 or 5, optional Matter 3, optional Forces 3",Tradition Book: Cult of Ecstasy (First Edition) page 66; Enlightened Grimoire p. 171,Transformations,
Distant Sight,"Correspondence 2, optional Time 2",The Swashbuckler’s Handbook page 91; Enlightened Grimoire p. 34,Divination and Fate,
Distill the Azoth Elixir,"Life 5, Prime 3, Matter 2",Tradition Book: Order of Hermes (First Edition) page 67; Enlightened Grimoire p. 73,Healing and Harming,
Distort Time,Time 3,Mage: The Ascension Revised page 193; Enlightened Grimoire p. 146,Space-Time Management,
Divert Prime Force,Prime 2,Technocracy: Void Engineers page 45; Enlightened Grimoire p. 46,Energy-Work,
Divided Sight,Correspondence 3,Mage: The Ascension First Edition page 186; Mage: The Ascension Second Edition page 190; Enlightened Grimoire p. 34,Divination and Fate,
Divinations,Time 2,Mage: The Ascension Revised page 192; Enlightened Grimoire p. 31,Divination and Fate,
DMSO,"Life 3, Matter 3, Prime 3",Convention Book: Progenitors (Revised) page 73; Enlightened Grimoire p. 69,Healing and Harming,
Doe's Password,"Mind 3, Entropy 2",Digital Web page 98; Enlightened Grimoire p. 17,Computers,
Dogon Divination,"Time 2, Entropy 1",Dead Magic page 27; Enlightened Grimoire p. 27,Divination and Fate,
Don't Cross the Streams,"Correspondence 2, Time 2",Tradition Book: Virtual Adepts (Revised) page 64; Enlightened Grimoire p. 31,Divination and Fate,
Dontcme,"Mind 2, Prime 2",Initiates of the Art page 81; Hidden Lore page 18; Enlightened Grimoire p. 139,Obfuscation,
Dousing,"Life 1, Correspondence 1",Tradition Book: Verbena (First Edition) page 64; Enlightened Grimoire p. 44,Elemental Magick,
Download Specialization,Time 3,Technocracy: New World Order page 48; Enlightened Grimoire p. 128,Mystic Perception,
Downvote,"Correspondence 3, Entropy 3",Convention Book: Syndicate (Revised) page 73; Enlightened Grimoire p. 137,Obfuscation,
Downward Spiral,"Mind 3, optional Correspondence 2",Lost Paths: Ahl-i-Batin and Taftani page 42; Enlightened Grimoire p. 190,Uncanny Influence,
Dowsing,"Correspondence 2, Forces 2, Matter 1",Lost Paths: Ahl-i-Batin and Taftani page 43; Enlightened Grimoire p. 44,Elemental Magick,
Dragon Fist,"Life 3, Prime 2, optional Forces 3",Book of Shadows page 147; Enlightened Grimoire p. 61,Enhanced Combat,
Dragonstorm,"Forces 4 or 5, Prime 4 or 5",Mage: The Sorcerer’s Crusade page 273; Enlightened Grimoire p. 41,Elemental Magick,
Drahma Protector,"Life 2, Matter 2, Time 2",Tradition Book: Akashic Brotherhood (Revised) page 69; Enlightened Grimoire p. 154,"Summoning, Binding and Warding",
Drain Node,Prime 4,Technocracy: Void Engineers page 46; Enlightened Grimoire p. 49,Energy-Work,
Drain Tass,Prime 3,Order of Reason page 83; Enlightened Grimoire p. 51,Energy-Work,
Dream Drama,"Forces 2, Mind 3, optional Correspondence 2",Tradition Book: Order of Hermes (First Edition) page 64; Enlightened Grimoire p. 190,Uncanny Influence,
Dream Locus,"Spirit 2, Matter 1",Mage: The Ascension First Edition page 227; Enlightened Grimoire p. 113,Movement and Communication,
Dream Play,"Mind 3, Prime 2, Time 2",Tradition Book: Hollow Ones (Revised) page 67; Enlightened Grimoire p. 191,Uncanny Influence,
Dreamborn Rising,"Life 4, Matter 4, Mind 3, Spirit 2",Dead Magic 2 page 63; Enlightened Grimoire p. 157,"Summoning, Binding and Warding",
Drums of Elemental Fire,"Spirit 2, Forces 2, Matter 2",Mage: The Ascension First Edition page 227; Enlightened Grimoire p. 157,"Summoning, Binding and Warding",
Eagle Eye,"Correspondence 2, Life 1",Book of Shadows page 138; Enlightened Grimoire p. 119,Mystic Perception,
Eagle Form,"Mind 4, Spirit 2",Dead Magic 2 page 128; Enlightened Grimoire p. 172,Transformations,
Ear of Dionysus,Forces 1,Mage: The Ascension Second Edition page 198; Mage: The Ascension Revised page 166; Enlightened Grimoire p. 123,Mystic Perception,
Ease of Passage,Life 4,Book of Crafts page 89; Enlightened Grimoire p. 73,Healing and Harming,
Electrical Chaos,"Forces 3, Correspondence 2, Prime 2",Mage: The Ascension Revised page 166; Enlightened Grimoire p. 40,Elemental Magick,
Embracing the Earth Mother,Forces 4,Mage: The Ascension First Edition page 196; Mage: The Ascension Second Edition page 199; Mage: The Ascension Revised page 167; Enlightened Grimoire p. 39,Elemental Magick,
Empathic Projection,Mind 2,Mage: The Ascension Revised page 176; Enlightened Grimoire p. 185,Uncanny Influence,
Enchant Weapon,Prime 2,Mage: The Ascension Second Edition page 214; Mage: The Ascension Revised page 183; Enlightened Grimoire p. 89,Inanimate Objects,
Encode,"Correspondence 2, Life 2 or Matter 2, Prime 2",Tradition Book: Virtual Adepts (Revised) page 65; Enlightened Grimoire p. 17,Computers,
Encrypt,"Mind 3 or Forces 3, Time 3",Tradition Book: Virtual Adepts (Revised) page 65; Enlightened Grimoire p. 22,Computers,
Encrypt Thoughts,"Mind 1, Life 1, Prime 2",Tradition Book: Virtual Adepts (First Edition) page 61; Enlightened Grimoire p. 137,Obfuscation,
Endless Parchment,"Life 3, Prime 2",Infernalism: The Path of Screams page 86; Enlightened Grimoire p. 77,Healing and Harming,
Energy Shield,Forces 2,Mage: The Ascension Revised page 166; Enlightened Grimoire p. 141,Obfuscation,
Energy Transformation,"Life 4, Forces 2, Correspondence 1",Digital Web page 98; Enlightened Grimoire p. 17,Computers,
Ensure the Endless Sleep,Spirit 4,Dead Magic 2 page 64; Tradition Book: Order of Hermes (First Edition) page 66; Enlightened Grimoire p. 154,"Summoning, Binding and Warding",
Enter the Sauna,Spirit 2,Dead Magic 2 page 126; Enlightened Grimoire p. 157,"Summoning, Binding and Warding",
Erode Matter,Entropy 3,Mage: The Ascension First Edition page 193; Enlightened Grimoire p. 87,Inanimate Objects,
Establish and Exchange Temporal Event Fields,Time 5,Technocracy: Void Engineers page 47; Enlightened Grimoire p. 146,Space-Time Management,
Establish Local Temporal Event Field,Time 4,Technocracy: Void Engineers page 46; Enlightened Grimoire p. 146,Space-Time Management,
Eternal Discipline of the Family,"Spirit 4, Prime 4, Mind 2, Entropy 2",Dragons of the East page 67; Enlightened Grimoire p. 135,Necromancy,
Evaluation,Matter 1,Technocracy: Void Engineers page 44; Enlightened Grimoire p. 84,Inanimate Objects,
Exalted Desire,"Life 4, Mind 2, Prime 2",Hidden Lore page 50; Enlightened Grimoire p. 183,Uncanny Influence,
Examine Humors,"Life 1, optional Mind 2",Order of Reason page 73; Enlightened Grimoire p. 67,Healing and Harming,
Exotic Matter - Antimatter,Matter 5,Tradition Book: Sons of Ether (Revised) page 61; Enlightened Grimoire p. 85,Inanimate Objects,
Exotic Matter - Primium,"Matter 5, Prime 3",Technocracy: Iteration X page 48 (as Smelt Primium); Tradition Book: Sons of Ether (Revised) page 62; Enlightened Grimoire p. 85,Inanimate Objects,
Experience Substance,"Life 5; Life 3, Correspondence 3, Matter 2",Hidden Lore page 17; Enlightened Grimoire p. 69,Healing and Harming,
False Witness,Mind 3,The Swashbuckler’s Handbook page 93; Enlightened Grimoire p. 191,Uncanny Influence,
Fatherless Birth,"Entropy 5, Life 5, Prime 5, Spirit 5",Dead Magic 2 page 118; Enlightened Grimoire p. 169,Transformations,
Fetter Ball,"Prime 2, Spirit 4",Tradition Book: Hollow Ones (Revised) page 65; Enlightened Grimoire p. 131,Necromancy,
Fiat Lux,"Forces 2 or 3, Prime 2",Tradition Book: Celestial Chorus (First Edition) page 64; Enlightened Grimoire p. 43,Elemental Magick,
Filter All-Space,"Correspondence 3, optional Mind 1",Mage: The Ascension First Edition page 186; Technocracy: New World Order page 44 (as Dragnet); Mage: The Ascension Second Edition page 190; Mage: The Ascension Revised page 160; Enlightened Grimoire p. 35,Divination and Fate,
Filter’d Lantern-Light,Forces 2,Artisan’s Handbook page 49; Enlightened Grimoire p. 43,Elemental Magick,
Find the Guilty,Mind 2,Dead Magic page 27; Enlightened Grimoire p. 125,Mystic Perception,
Find the Sun,Correspondence 1,Book of Crafts page 73; Enlightened Grimoire p. 119,Mystic Perception,
Fire Rune,Forces 3 or Matter 5,Dead Magic 2 page 99; Enlightened Grimoire p. 41,Elemental Magick,
Fits Like a Glove,Matter 3,Mage Storyteller’s Companion page 63; Enlightened Grimoire p. 89,Inanimate Objects,
Flames of Purification,Prime 4,Mage: The Ascension First Edition page 211; Mage: The Ascension Second Edition page 215; Mage: The Ascension Revised page 184; Enlightened Grimoire p. 53,Energy-Work,
Flesh Toys,"Life 3 or 5, Prime 2",Mage: The Ascension First Edition page 224; Enlightened Grimoire p. 169,Transformations,
Flower Gesture,"Mind 3, Time 3",Tradition Book: Akashic Brotherhood (Revised) page 71; Enlightened Grimoire p. 103,Movement and Communication,
Fluids of Death,"Life 4, Entropy 4",Mage: The Ascension First Edition page 224; Enlightened Grimoire p. 71,Healing and Harming,
Focus of the Blow,"Forces 1, Mind 1",Tradition Book: Akashic Brotherhood (First Edition) page 63; Enlightened Grimoire p. 61,Enhanced Combat,
Followme,"Correspondence 1, Mind 2",Initiates of the Art page 81; Enlightened Grimoire p. 125,Mystic Perception,
Footbind,"Prime 3, Life 2, Forces 2",Book of Crafts page 119; Enlightened Grimoire p. 51,Energy-Work,
FOR NEXT Loop,"Correspondence 4, Life 4, Forces 2",Mage: The Ascension First Edition page 220; Enlightened Grimoire p. 21,Computers,
Forecasting,"Entropy 2, Time 2",Convention Book: Syndicate (Revised) page 74; Enlightened Grimoire p. 31,Divination and Fate,
Fount of Paradise,Prime 5,Mage: The Ascension Revised page 185; Enlightened Grimoire p. 51,Energy-Work,
Fractal Encryption,"Entropy 3, Forces 2, Prime 2",Digital Web 2.0 page 115; Enlightened Grimoire p. 19,Computers,
Free Conjunction,Correspondence 5,Mage: The Ascension First Edition page 188; Enlightened Grimoire p. 111,Movement and Communication,
Free the Mad Howlers,Spirit 3 or 4,Mage: The Ascension Second Edition page 218; Enlightened Grimoire p. 158,"Summoning, Binding and Warding",
Friction Curse,Forces 3,Mage: The Ascension Revised page 166; Enlightened Grimoire p. 41,Elemental Magick,
Gabriel’s Embrace,"Correspondence 2, Matter 2 or Life 5, Prime 2, Forces 3; Prime 3, Forces 2",Blood Treachery page 88; Enlightened Grimoire p. 41,Elemental Magick,
Games of Luck,Entropy 2,Mage: The Ascension First Edition page 192; Technocracy: Syndicate page 47 (as Stacking the Deck); Mage: The Ascension Second Edition page 194; Mage: The Ascension Revised page 163; Enlightened Grimoire p. 12,Blessings and Curses,
Gauntlet Prison,Spirit 4,Mage: The Ascension First Edition page 215; Mage: The Ascension Second Edition page 218; Enlightened Grimoire p. 154,"Summoning, Binding and Warding",
Genetic Mastery,Life 5,Technocracy: Progenitors page 43; Enlightened Grimoire p. 170,Transformations,
Genetic Pattern Matching,Life 4,Technocracy: Progenitors page 43; Enlightened Grimoire p. 168,Transformations,
Geometric Jars,"Correspondence 2, optional Forces 1",Artisan’s Handbook page 51; Enlightened Grimoire p. 35,Divination and Fate,
"Ghayba (Occultation or ""Unbeingness"")","Correspondence 4, Mind 2, Prime 4 or 5, Spirit 3",Lost Paths: Ahl-i-Batin and Taftani page 43; Enlightened Grimoire p. 139,Obfuscation,
Ghost Rune,"Entropy 1, Spirit 2, optional Correspondence 2, optional Time 2",Dead Magic 2 page 99; Enlightened Grimoire p. 135,Necromancy,
Ghost-Burning,"Spirit 2, Forces 2",Artisan’s Handbook page 52; Enlightened Grimoire p. 131,Necromancy,
Gift of Prana,"Life 2 or 3, Prime 3",Dragons of the East page 67; Tradition Book: Euthanatos (Revised) page 61; Enlightened Grimoire p. 79,Healing and Harming,
Glorious Is the Temple,"Prime 3, Mind 2",Artisan’s Handbook page 52; Enlightened Grimoire p. 49,Energy-Work,
Goanna's Hiding,Mind 1,Dead Magic 2 page 64; Hidden Lore page 48; Enlightened Grimoire p. 137,Obfuscation,
Going Under the Cloak,"Life 2, Mind 4",Dead Magic 2 page 103; Enlightened Grimoire p. 109,Movement and Communication,
Golden Gunman,"Entropy 2, Forces 2",Guide to the Technocracy page 216; Enlightened Grimoire p. 65,Enhanced Combat,
Graft Alien Bio-Matter Between Animals,Life 3,Technocracy: Progenitors page 41; Enlightened Grimoire p. 168,Transformations,
Grand Salvo,Forces 2,Artisan’s Handbook page 50; Enlightened Grimoire p. 64,Enhanced Combat,
Graphic Transmission,Mind 3,Mage: The Ascension First Edition page 206; Mage: The Ascension Second Edition page 210; Enlightened Grimoire p. 22,Computers,
Guncotton's Blessing,Matter 3,Dead Magic 2 page 65; Enlightened Grimoire p. 81,Inanimate Objects,
Hacker's Glance,"Entropy 2, Correspondence 1",Digital Web page 98; Enlightened Grimoire p. 22,Computers,
Hail of Bullets,"Time 3, Forces 2",Technocracy: New World Order page 48; Enlightened Grimoire p. 59,Enhanced Combat,
Hajjaj,"Correspondence 3, Life 3, Mind 2, optional Time 4",Lost Paths: Ahl-i-Batin and Taftani page 41; Enlightened Grimoire p. 73,Healing and Harming,
Hallmark,"Mind 2, Prime 1",Book of Shadows page 145; Enlightened Grimoire p. 127,Mystic Perception,
Hardware Entry,Correspondence 1,Digital Web page 98; Enlightened Grimoire p. 19,Computers,
Heal Simple Creature,"Life 3, Mind 2 or 4, Spirit 2 or 4",Tradition Book: Dreamspeakers (First Edition) page 67; Enlightened Grimoire p. 75,Healing and Harming,
Healing Figurine,Life 3,Dead Magic page 29; Enlightened Grimoire p. 73,Healing and Harming,
Healthy Skepticism,Prime 5,Mage: The Ascension Revised page 185; Enlightened Grimoire p. 53,Energy-Work,
Heart’s Blood,Prime 1,Mage: The Ascension Second Edition page 214; Mage: The Sorcerer’s Crusade page 269; Order of Reason page 82; Enlightened Grimoire p. 55,Energy-Work,
Heat Seeking,"Correspondence 2, Life 1, Forces 1",Technocracy: New World Order page 48; Enlightened Grimoire p. 35,Divination and Fate,
Heat Trace,"Time 2, Forces 1",Hidden Lore page 17; Enlightened Grimoire p. 35,Divination and Fate,
Hellfire,"Prime 3 or 4, Spirit 2",Dead Magic 2 page 101; Enlightened Grimoire p. 151,"Summoning, Binding and Warding",
Help Rune,"Mind 1, Prime 1, optional Prime 2 or 5",Dead Magic 2 page 97; Enlightened Grimoire p. 77,Healing and Harming,
Hepatoscopy,Time 2,Dead Magic 2 page 143; Enlightened Grimoire p. 31,Divination and Fate,
"Here Kitty, Kitty","Correspondence 3, Mind 3, Time 3",Tradition Book: Virtual Adepts (Revised) page 62; Enlightened Grimoire p. 159,"Summoning, Binding and Warding",
Hermes’ Brand,"Entropy 1, Prime 2, Forces 3, Time 4",Dead Magic page 107; Blood Treachery page 89; Enlightened Grimoire p. 42,Elemental Magick,
"Hersh, ""To be Patient""","Correspondence 1, Mind 1, Spirit 1",Book of Crafts page 56; Enlightened Grimoire p. 127,Mystic Perception,
High Rhetoric,Mind 2,Artisan’s Handbook page 51; Enlightened Grimoire p. 185,Uncanny Influence,
Higher Lifeform Grafting and Recombination,Life 4,Technocracy: Progenitors page 40; Enlightened Grimoire p. 168,Transformations,
Holdout Weapon,"Matter 3, Prime 2",Technocracy: New World Order page 49; Guide to the Technocracy page 213; Enlightened Grimoire p. 64,Enhanced Combat,
Holy Union,"Spirit 4, Prime 3, Mind 3, optional Life 5","Ascension, page 197-199; Enlightened Grimoire p. 172",Transformations,
Hoodoo Man's Heartbeat,Mind 2,Order of Reason page 79; Enlightened Grimoire p. 183,Uncanny Influence,
Hope’s Birth,"Mind 2, optional Prime 2",Tradition Book: Celestial Chorus (Revised) page 57; Enlightened Grimoire p. 185,Uncanny Influence,
Horsemaster’s Bidding,Mind 2,The Swashbuckler’s Handbook page 91; Enlightened Grimoire p. 188,Uncanny Influence,
Hot-Shotting,Forces 3,Guide to the Technocracy page 210; Mage: The Ascension 20th Anniversary Edition page 601; Enlightened Grimoire p. 64,Enhanced Combat,
"Huli Shjalmr (""Helmet of Hiding"")","Prime 2 or 3, Forces 2 or Mind 4 or Entropy 5",Dead Magic 2 page 103; Enlightened Grimoire p. 141,Obfuscation,
Hymn of Beatific Harmony,"Prime 3, Correspondence 3",Mage: The Ascension First Edition page 226; Enlightened Grimoire p. 51,Energy-Work,
Hypernarrative Influence,Mind 5,Technocracy: New World Order page 47; Enlightened Grimoire p. 194,Uncanny Influence,
I Know Your Cousin,"Mind 2, Correspondence 3, Life 1",Fallen Tower: Las Vegas pas 120; Enlightened Grimoire p. 125,Mystic Perception,
Idealism,Entropy 1,Order of Reason page 69; Enlightened Grimoire p. 121,Mystic Perception,
Ignis,"Forces 3, Prime 2",Tradition Book: Order of Hermes (First Edition) page 65; Enlightened Grimoire p. 42,Elemental Magick,
Imaginary Friend,"Mind 4, Prime 2",Technocracy: New World Order page 49; Enlightened Grimoire p. 191,Uncanny Influence,
Imbue Flesh,"Life 2, Spirit 2",Mage: The Ascension First Edition page 224; Enlightened Grimoire p. 155,"Summoning, Binding and Warding",
Impulse Purchase,"Mind 3 or Mind 2, Prime 2",Guide to the Technocracy page 215; Enlightened Grimoire p. 194,Uncanny Influence,
Inferno,Forces 5,Mage: The Ascension Revised page 167; Enlightened Grimoire p. 42,Elemental Magick,
Infidel's Laughter,"Forces 2, Spirit 2",Lost Paths: Ahl-i-Batin and Taftani page 89; Enlightened Grimoire p. 57,Enhanced Combat,
Infiltration,Correspondence 3,Order of Reason page 68; Enlightened Grimoire p. 103,Movement and Communication,
Information Glut,"Correspondence 2, Mind 1, Time 2",Tradition Book: Virtual Adepts (First Edition) page 62; Enlightened Grimoire p. 119,Mystic Perception,
Information Overload,"Correspondence 2, Mind 2",Tradition Book: Virtual Adepts (Revised) page 66; Enlightened Grimoire p. 119,Mystic Perception,
Information Superhighway,"Time 3, Correspondence 2",Digital Web page 99; Enlightened Grimoire p. 19,Computers,
Initiation,"Mind 3, Prime 2",Order of Reason page 90; Enlightened Grimoire p. 185,Uncanny Influence,
Instant Measurement,"Correspondence 1, Matter 1, Mind 1",Mage: The Ascension Second Edition page 206; Hidden Lore page 18; Enlightened Grimoire p. 124,Mystic Perception,
Instant Offline,"Correspondence 3, Forces 2",Digital Web page 98; Digital Web 2.0 page 115; Enlightened Grimoire p. 19,Computers,
Internal Clock,Time 1,Mage: The Ascension First Edition page 218; Technocracy: Iteration X page 48 (as Rigid Schedule); Mage: The Ascension Second Edition page 223; Enlightened Grimoire p. 128,Mystic Perception,
Iron Avatar,"Life 3, Matter 3, Mind 2, Prime 2, optional Spirit 4, Time 4",Tradition Book: Euthanatos (First Edition) page 67; Tradition Book: Euthanatos (Revised) page 60; Enlightened Grimoire p. 172,Transformations,
Iron Snake,"Correspondence 2, Forces 2, Mind 3",Tradition Book: Akashic Brotherhood (Revised) page 67; The Swashbuckler’s Handbook page 95 (as Piercing Thrust); Enlightened Grimoire p. 63,Enhanced Combat,
Ishin Den Shin,"Correspondence 2, Mind 2",Tradition Book: Akashic Brotherhood (Revised) page 77; Enlightened Grimoire p. 125,Mystic Perception,
Jack in the Green,"Spirit 3, Life 2",Hidden Lore page 18; Enlightened Grimoire p. 159,"Summoning, Binding and Warding",
Jaguar Cloak,"Life 5, Matter 3, Prime 3, Spirit 2",Dead Magic page 78; Enlightened Grimoire p. 173,Transformations,
Jivitamarana (Death in Life) Yoga,"Entropy 4 or Matter 4, Life 4",Tradition Book: Euthanatos (Revised) page 67; Enlightened Grimoire p. 165,Transformations,
Jolt,"Life 2, optional Mind 1",Digital Web 2.0 page 112; Enlightened Grimoire p. 95,Miscellaneous,
Karmic Inversion,"Correspondence 1, Spirit 1",Book of Shadows page 145; Dead Magic 2 page 81; Enlightened Grimoire p. 113,Movement and Communication,
Kaumaha (Sacrifice),"Prime 3, Spirit 2",Dead Magic 2 page 27; Enlightened Grimoire p. 55,Energy-Work,
Kinetic Push,Forces 2,Guide to the Technocracy page 209; Enlightened Grimoire p. 95,Miscellaneous,
Kispu,"Entropy 3, Correspondence 3",Dead Magic page 57; Enlightened Grimoire p. 134,Necromancy,
Kiss of the Virtuous Maiden,"Matter 2, Prime 2",Dragons of the East page 66; Enlightened Grimoire p. 84,Inanimate Objects,
Knock Out,"Mind 3, Prime 2",Tradition Book: Sons of Ether (First Edition) page 64; Enlightened Grimoire p. 77,Healing and Harming,
Kuoha (The Passion Prayer),"Correspondence 3, Life 2, Mind 2",Dead Magic 2 page 27; Enlightened Grimoire p. 183,Uncanny Influence,
Landscape of the Mind,Correspondence 1,Mage: The Ascension Revised page 158; Enlightened Grimoire p. 119,Mystic Perception,
Laser Production,"Forces 3, Prime 2",Technocracy: Void Engineers page 42; Enlightened Grimoire p. 43,Elemental Magick,
Laserblast,"Forces 3, Prime 2",Technocracy: Void Engineers page 48; Enlightened Grimoire p. 64,Enhanced Combat,
Laying on of Hands,"Entropy 1, Life 1, Time 2",Book of Crafts page 119; Dead Magic 2 page 102; Enlightened Grimoire p. 28,Divination and Fate,
Leap Beyond,"Spirit 5, Mind 4",Mage: The Ascension First Edition page 227; Enlightened Grimoire p. 102,Movement and Communication,
Leap Sideways,"Spirit 3, Correspondence 3",Mage: The Ascension First Edition page 227; Enlightened Grimoire p. 113,Movement and Communication,
Learn-It,"Correspondence 2, Entropy 2, Prime 3, Time 2",Tradition Book: Virtual Adepts (Revised) page 62; Enlightened Grimoire p. 14,Blessings and Curses,
Lecherous Kiss,"Mind 2, Life 2, Prime 2",Book of Shadows page 142; Enlightened Grimoire p. 184,Uncanny Influence,
Legion's Life,"Prime 3, Life 2",Dead Magic page 106; Enlightened Grimoire p. 59,Enhanced Combat,
Lesser Shapechanging,Life 4,Mage: The Ascension Second Edition page 203; Enlightened Grimoire p. 174,Transformations,
Leying of the Line,"Prime 3, Matter 3",Book of Chantries page 149; Enlightened Grimoire p. 49,Energy-Work,
Life Sense,Life 1; Life 1,Mage: The Ascension Second Edition page 201; Technocracy: Progenitors page 43; Enlightened Grimoire p. 123,Mystic Perception,
Lighting the Path,Correspondence 2 or Entropy 2,Tradition Book: Celestial Chorus (Revised) page 58; Enlightened Grimoire p. 28,Divination and Fate,
Lightning Gateway,"Forces 3, Prime 2",Tradition Book: Order of Hermes (First Edition) page 65; Mage: The Ascension First Edition page 223; Enlightened Grimoire p. 40,Elemental Magick,
Like Clockwork,Entropy 3,Mage: The Ascension Second Edition page 194; Mage: The Ascension Revised page 163; Enlightened Grimoire p. 91,Inanimate Objects,
Lip Reading,"Mind 3, Entropy 2, optional Time 2",Order of Reason page 91; Enlightened Grimoire p. 125,Mystic Perception,
Living Bridge,Spirit 4,Mage: The Ascension Second Edition page 219; Enlightened Grimoire p. 155,"Summoning, Binding and Warding",
Lobotomize,Mind 5,Technocracy: Void Engineers page 45; Enlightened Grimoire p. 95,Miscellaneous,
Locate Disorder and Weakness,Entropy 1,Mage: The Ascension First Edition page 192; Mage: The Ascension Second Edition page 193; Mage: The Ascension Revised page 162; Enlightened Grimoire p. 121,Mystic Perception,
Locate Quintessence Flow,Prime 1,Technocracy: Void Engineers page 45; Enlightened Grimoire p. 49,Energy-Work,
Long-Range Eyes,"Time 2, Correspondence 2, Mind 1",Tradition Book: Akashic Brotherhood (First Edition) page 62; Enlightened Grimoire p. 31,Divination and Fate,
Lotus Bloom,Forces 3,Book of Crafts page 119; Enlightened Grimoire p. 42,Elemental Magick,
"Love Me, Love Me","Life 3, Mind 2",Dead Magic 2 page 81; Enlightened Grimoire p. 165,Transformations,
Loving Cup,"Life 3, Mind 2",Order of Reason page 91; Enlightened Grimoire p. 186,Uncanny Influence,
Lower Lifeform Manipulation,Life 2,Technocracy: Progenitors page 40; Enlightened Grimoire p. 168,Transformations,
Luck Be a Lady Tonight,"Entropy 1, Spirit 2",Fallen Tower: Las Vegas pas 120; Enlightened Grimoire p. 12,Blessings and Curses,
Luck Blessing/Curse,"Spirit 3, Entropy 2",The Spirit Ways page 90; Enlightened Grimoire p. 9,Blessings and Curses,
Lucky Blow,Entropy 2,Order of Reason page 70; Enlightened Grimoire p. 57,Enhanced Combat,
Lull the Waking Dreamborn,"Spirit 4, Life 3, Prime 2",Dead Magic 2 page 65; Enlightened Grimoire p. 155,"Summoning, Binding and Warding",
Machine God,"Mind 2, Matter 1, Forces 1",Technocracy: Iteration X page 50; Enlightened Grimoire p. 84,Inanimate Objects,
Mahu (Steam),"Forces 2, Prime 2; Forces 5",Dead Magic 2 page 28; Enlightened Grimoire p. 44,Elemental Magick,
Maikai (The Seaward Pull),Mind 3,Dead Magic 2 page 28; Enlightened Grimoire p. 194,Uncanny Influence,
Maintain Device,Prime 3,Order of Reason page 83; Enlightened Grimoire p. 91,Inanimate Objects,
Major Environmental Alteration,Matter 3,Technocracy: Void Engineers page 44; Enlightened Grimoire p. 168,Transformations,
Major Geas,"Entropy 5, Mind 5",Dead Magic 2 page 118; Enlightened Grimoire p. 29,Divination and Fate,
Manipulate Memories,Mind 5,Technocracy: Progenitors page 42; Enlightened Grimoire p. 192,Uncanny Influence,
Manipulate Memory,Mind 4,Mage: The Ascension First Edition page 207; Technocracy: New World Order page 47 (as Edit Memory); Mage: The Ascension Second Edition page 211; Mage: The Ascension Revised page 178; Enlightened Grimoire p. 192,Uncanny Influence,
Manipulate Time Fragment,Time 2,Technocracy: Void Engineers page 46; Enlightened Grimoire p. 31,Divination and Fate,
Marching Orders,Mind 1,Order of Reason page 78; Enlightened Grimoire p. 59,Enhanced Combat,
Masquerade to Adulthood,Spirit 3 or Correspondence 2,Dead Magic page 29; Enlightened Grimoire p. 12,Blessings and Curses,
Master's Enchantment,Prime 5,Mage: The Ascension Revised page 185; Enlightened Grimoire p. 46,Energy-Work,
Matter Association,Matter 5,Mage: The Ascension Revised page 174; Enlightened Grimoire p. 81,Inanimate Objects,
Matter-Energy Converter,Prime 2 or 5,Technocracy: Void Engineers page 48; Enlightened Grimoire p. 53,Energy-Work,
Melt and Reform,Matter 2,Mage: The Ascension Revised page 173; Enlightened Grimoire p. 83,Inanimate Objects,
Mental Interface,"Correspondence 2, Forces 2, Mind 2",Hidden Lore page 19; Enlightened Grimoire p. 23,Computers,
Merlin's Ride,Correspondence 3 or 4,Tradition Book: Verbena (First Edition) page 64; Enlightened Grimoire p. 101,Movement and Communication,
Mershakushtu Qurdu,Entropy 3,Dead Magic page 51; Enlightened Grimoire p. 95,Miscellaneous,
Midwife's Blessing,Entropy 4,Mage: The Ascension Second Edition page 195; Mage: The Ascension Revised page 164; Enlightened Grimoire p. 12,Blessings and Curses,
Mind Empowerment,Mind 1,Technocracy: Progenitors page 42 (as Empower Self); Mage: The Ascension Revised page 176; Enlightened Grimoire p. 126,Mystic Perception,
Mind of the Ant Hill,Mind 4,Dead Magic page 107; Enlightened Grimoire p. 60,Enhanced Combat,
Mind Rune,"Mind 3, optional Entropy 2",Mage: The Ascension 20th Anniversary Edition page 603; Dead Magic 2 page 101; Enlightened Grimoire p. 194,Uncanny Influence,
Mindfulness of Wrong Thought,"Mind 2, Life 1 or Matter 1",Hidden Lore page 13; Enlightened Grimoire p. 126,Mystic Perception,
Minor Geas,Entropy 5,Mage: The Ascension Revised page 164; Enlightened Grimoire p. 29,Divination and Fate,
Mold Tree,"Correspondence 5, Life 3, optional Matter 3",Mage: The Ascension First Edition page 199; Enlightened Grimoire p. 169,Transformations,
Monitor Communications,"Forces 1; Correspondence 2, Mind 1",Technocracy: New World Order page 45; Enlightened Grimoire p. 25,Divination and Fate,
Mono Kahea 'Ai (Shark Call),"Correspondence 3, Mind 2",Dead Magic 2 page 29; Enlightened Grimoire p. 189,Uncanny Influence,
Mood Swing/Communion,"Mind 2, optional Correspondence 2",Tradition Book: Cult of Ecstasy (First Edition) page 65; Enlightened Grimoire p. 186,Uncanny Influence,
Morpheus’s Kiss,"Life 2, Mind 2",The Swashbuckler’s Handbook page 93; Enlightened Grimoire p. 195,Uncanny Influence,
Motivational Speaking,"Mind 2 or 3, Prime 2",Guide to the Technocracy page 215; Enlightened Grimoire p. 186,Uncanny Influence,
Move Along,Mind 2,Technocracy: New World Order page 45; Enlightened Grimoire p. 137,Obfuscation,
Mukashuan,"Life 3, optional Spirit 3",Dead Magic page 131; Enlightened Grimoire p. 75,Healing and Harming,
Mutate Ephemera,Entropy 5,Mage: The Ascension Revised page 164; Enlightened Grimoire p. 97,Miscellaneous,
Mutate Form,Life 4,Dead Magic page 131; Mage: The Ascension First Edition page 200; Mage: The Ascension Second Edition page 203; Mage: The Ascension Revised page 171; Enlightened Grimoire p. 174,Transformations,
Namburbu,"Entropy 4, Prime 3, Spirit 3, Correspondence 2, Life 2",Dead Magic page 54; Enlightened Grimoire p. 9,Blessings and Curses,
Nanotech Integration,"Life 4, Matter 2, Prime 5",Technocracy: Progenitors page 45 (as Nanotech Life Support); Convention Book: Progenitors (Revised) page 74; Enlightened Grimoire p. 178,Transformations,
Nearest and Dearest,"Mind 3, Correspondence 2, Time 2",Hidden Lore page 54; Enlightened Grimoire p. 25,Divination and Fate,
Neon-Mail,"Forces 2, Life 1, Time 4, optional Correspondence 3",Fallen Tower: Las Vegas pas 119; Enlightened Grimoire p. 107,Movement and Communication,
Nervous Control,"Forces 3, Life 3",Technocracy: Progenitors page 44 (as Control Nerves); Convention Book: Progenitors (Revised) page 74; Enlightened Grimoire p. 195,Uncanny Influence,
Nick of Time,"Correspondence 3, Entropy 2, Time 2",Tradition Book: Virtual Adepts (Revised) page 64; Enlightened Grimoire p. 147,Space-Time Management,
Night Battle,"Mind 4, Forces 3, Prime 2, Spirit 2",Tradition Book: Dreamspeakers (Revised) page 69; Enlightened Grimoire p. 97,Miscellaneous,
Nightmare Dance,"Spirit 2 or Mind 3, optional Correspondence 2",Tradition Book: Dreamspeakers (First Edition) page 67; Enlightened Grimoire p. 191,Uncanny Influence,
Nitrogen Narcosis,"Life 3, Matter 2",Technocracy: Void Engineers page 48; Enlightened Grimoire p. 115,Movement and Communication,
No-Mind,Mind 1,Mage: The Ascension First Edition page 206; Mage: The Ascension Second Edition page 209; Mage: The Ascension Revised page 176; Enlightened Grimoire p. 126,Mystic Perception,
Nobody Dies in Vegas,"Entropy 4, Correspondence 4",Fallen Tower: Las Vegas pas 119; Enlightened Grimoire p. 12,Blessings and Curses,
Node Spike,"Prime 3, Mind 2 or 3",Guide to the Traditions page 281; Enlightened Grimoire p. 53,Energy-Work,
Non-Descript,Mind 2,Guide to the Technocracy page 214; Enlightened Grimoire p. 139,Obfuscation,
Nonlinear Prediction,Entropy 2,Guide to the Technocracy page 208; Enlightened Grimoire p. 31,Divination and Fate,
Oak of Sanguine Root,"Correspondence 2, Prime 2, Life 3, Matter 3",Blood Treachery page 89; Enlightened Grimoire p. 170,Transformations,
Oathbreaker’s Lash,"Entropy 1, Forces 3",Blood Treachery page 87; Enlightened Grimoire p. 121,Mystic Perception,
One with Beasts,Life 4 or 5 or Spirit 4,Book of Crafts page 26; Enlightened Grimoire p. 174,Transformations,
Online Virus Transmitter Program,"Correspondence 2, Forces 2, Life 2, Prime 2",Digital Web 2.0 page 112; Enlightened Grimoire p. 19,Computers,
Organize,Entropy 1,Technocracy: Iteration X page 47; Enlightened Grimoire p. 121,Mystic Perception,
Our Enemies are Delicious,"Life 3, Spirit 3",Dead Magic page 76; Enlightened Grimoire p. 178,Transformations,
Override Signal,Forces 2 or Life 4,Book of Shadows page 144; Enlightened Grimoire p. 103,Movement and Communication,
Overwrite,"Prime 4, Entropy 3, Forces 3",Digital Web page 99; Enlightened Grimoire p. 19,Computers,
Parallax,"Correspondence 1, Entropy 1, Forces 1, Mind 1, Prime 1",Digital Web 2.0 page 115; Digital Web 2.0 page 112; Enlightened Grimoire p. 20,Computers,
Parma Magica,Time 4,Tradition Book: Order of Hermes (First Edition) page 65; Mage: The Ascension First Edition page 219; Mage: The Ascension Second Edition page 223; Mage: The Ascension Revised page 193; Enlightened Grimoire p. 46,Energy-Work,
Pass the Key,"Entropy 2, Matter 2, optional Forces 2",Orphan’s Survival Guide page 124; Enlightened Grimoire p. 103,Movement and Communication,
Passing,Life 3,Orphan’s Survival Guide page 128; Enlightened Grimoire p. 137,Obfuscation,
Pathos,Mind 1,Mage: The Ascension First Edition page 205; Mage: The Ascension Second Edition page 210; Enlightened Grimoire p. 126,Mystic Perception,
Peeping Tom,"Time 2, Correspondence 2",Mage: The Ascension First Edition page 228; Enlightened Grimoire p. 31,Divination and Fate,
Pele's Wrath,Forces 4,Book of Crafts page 74; Enlightened Grimoire p. 39,Elemental Magick,
Penance for the Sicarii,"Prime 4, Correspondence 3, optional Time 4",Tradition Book: Celestial Chorus (Revised) page 58; Enlightened Grimoire p. 53,Energy-Work,
Penny Dreadful's Bright New Penny,"Matter 3 or 4, Prime 2, Time 2",Book of Shadows page 142; Mage: The Ascension 20th Anniversary Edition page 608; Enlightened Grimoire p. 91,Inanimate Objects,
Perfect Timing,Time 1,Order of Reason page 85; Enlightened Grimoire p. 128,Mystic Perception,
Perfection of the Tools,"Matter 1, Mind 1",Artisan’s Handbook page 47; Enlightened Grimoire p. 84,Inanimate Objects,
Perpetual Motion,"Forces 5, Prime 2",Technocracy: Iteration X page 49; Enlightened Grimoire p. 92,Inanimate Objects,
Persona,"Life 2 or 4, Mind 2",Technocracy: New World Order page 49; Enlightened Grimoire p. 165,Transformations,
Personal Assistant Software,"Mind 5, Prime 2",Convention Book: New World Order (Revised) page 86; Enlightened Grimoire p. 23,Computers,
Petals of Love,Mind 2,Book of Crafts page 88; Enlightened Grimoire p. 186,Uncanny Influence,
Phlogiston Manipulation,"Forces 3, Life 3 or Matter 3, Prime 2",Book of Crafts page 119; Tradition Book: Order of Hermes (First Edition) page 66; Enlightened Grimoire p. 42,Elemental Magick,
Phosphoric Marker,Life 2,Mage: The Ascension Second Edition page 202; Hidden Lore page 17; Enlightened Grimoire p. 169,Transformations,
Physical Exorcism,"Prime 2, Spirit 2, optional Mind 2",Tradition Book: Dreamspeakers (Revised) page 66; The Spirit Ways page 91; Enlightened Grimoire p. 155,"Summoning, Binding and Warding",
Physiological Emotion Control,Life 4,Mage: The Ascension First Edition page 200; Mage: The Ascension Second Edition page 203; Mage: The Ascension Revised page 171; Enlightened Grimoire p. 187,Uncanny Influence,
Physiological Rule,Life 4,Technocracy: Progenitors page 44; Enlightened Grimoire p. 77,Healing and Harming,
Pilot Skyrigger,Correspondence 5,Order of Reason page 108; Enlightened Grimoire p. 116,Movement and Communication,
Pixie Lead,"Mind 3, Correspondence 2",Book of Shadows page 145; Enlightened Grimoire p. 99,Movement and Communication,
Planned Projection,Time 2,Technocracy: Iteration X page 49; Enlightened Grimoire p. 31,Divination and Fate,
Plausible Denial,Mind 3,Technocracy: New World Order page 46; Enlightened Grimoire p. 193,Uncanny Influence,
Point-to-Point Narrow-Band Transmission,"Forces 2 or 3, Correspondence 2, optional Prime 2",Hidden Lore page 18; Enlightened Grimoire p. 104,Movement and Communication,
Polyappearance,Correspondence 4,Mage: The Ascension First Edition page 187; Mage: The Ascension Second Edition page 191; Mage: The Ascension Revised page 160; Enlightened Grimoire p. 145,Space-Time Management,
Polysorbate,"Life 2, Mind 2, Prime 1",Guide to the Technocracy page 211; Enlightened Grimoire p. 69,Healing and Harming,
Pop Goes the Weasel,"Life 3, Forces 2, Prime 2",Orphan’s Survival Guide page 129; Enlightened Grimoire p. 42,Elemental Magick,
Positive Thinking,Mind 1,Initiates of the Art page 81; Enlightened Grimoire p. 126,Mystic Perception,
Positronic Brain,Mind 1,Technocracy: Iteration X page 48; Enlightened Grimoire p. 178,Transformations,
Possess Flame,"Forces 2 or 4, Mind 4, optional Prime 2",The Spirit Ways page 88; Enlightened Grimoire p. 42,Elemental Magick,
Postcognition,Time 2,Mage: The Ascension First Edition page 218; Mage: The Ascension Second Edition page 223; Enlightened Grimoire p. 32,Divination and Fate,
Presentation of the Passage Stick,Spirit 3,Dead Magic 2 page 65; Enlightened Grimoire p. 109,Movement and Communication,
Pretty-Shinies,"Correspondence 1, Entropy 1, Matter 1, Mind 1, Prime 1, Spirit 1",Mage Storyteller’s Companion page 63; Enlightened Grimoire p. 90,Inanimate Objects,
Primal Net,"Life 2, Matter 2, Prime 2",Technocracy: Progenitors page 46 (as Quintessence Net); Convention Book: Progenitors (Revised) page 74; Enlightened Grimoire p. 51,Energy-Work,
Prime Location,"Correspondence 1 or 2, Prime 1; Prime 3",Book of Shadows page 145; Enlightened Grimoire p. 49,Energy-Work,
Processing,"Mind 5, Prime 2",Convention Book: New World Order (Revised) page 86; Enlightened Grimoire p. 195,Uncanny Influence,
Programming,Mind 3,Guide to the Technocracy page 214; Enlightened Grimoire p. 195,Uncanny Influence,
Prolong Pleasure/Pain,"Mind 3, Time 3",Tradition Book: Cult of Ecstasy (First Edition) page 66; Enlightened Grimoire p. 77,Healing and Harming,
Proof against Immolation,"Matter 3, Prime 2",Book of Crafts page 42; Enlightened Grimoire p. 42,Elemental Magick,
Protection of the Golden Race,Spirit 3,Dead Magic page 131; Enlightened Grimoire p. 159,"Summoning, Binding and Warding",
Protection Song,"Correspondence 4, Forces 2, optional Spirit 2",Dead Magic 2 page 126; Enlightened Grimoire p. 161,"Summoning, Binding and Warding",
Psychic Impression,Mind 2,Mage: The Ascension Second Edition page 210; Mage: The Ascension Revised page 177; Enlightened Grimoire p. 53,Energy-Work,
Psychic Intrusion,Mind 2,Technocracy: New World Order page 45; Enlightened Grimoire p. 195,Uncanny Influence,
Psychic Sterilization,Spirit 4,Mage: The Ascension First Edition page 215; Mage: The Ascension Second Edition page 218; Enlightened Grimoire p. 161,"Summoning, Binding and Warding",
Psychological Breaking Point,"Mind 2, Entropy 1",Technocracy: New World Order page 48; Enlightened Grimoire p. 126,Mystic Perception,
Public Posting,"Mind 2 or 3, Correspondence 2, Prime 2",Hidden Lore page 20; Enlightened Grimoire p. 104,Movement and Communication,
Purge Thought Crime,"Mind 3, Prime 3",Guide to the Technocracy page 215; Enlightened Grimoire p. 195,Uncanny Influence,
Purging the System,"Life 3, Matter 3",World of Darkness: Outcasts page 91; Enlightened Grimoire p. 69,Healing and Harming,
Purifying Step,Forces 2 or Spirit 2,Tradition Book: Akashic Brotherhood (Revised) page 66; Enlightened Grimoire p. 62,Enhanced Combat,
Pygmalion's Paradigm,"Matter 4, Life 3, Prime 2, Spirit 2",Book of Shadows page 146; Enlightened Grimoire p. 159,"Summoning, Binding and Warding",
Quantify Energy,Forces 1,Mage: The Ascension Second Edition page 198; Mage: The Ascension First Edition page 195; Enlightened Grimoire p. 123,Mystic Perception,
Quantum Temporal Travel,"Time 3 or 5, Correspondence 3 or 4, Entropy 4",Tradition Book: Sons of Ether (Revised) page 63; Enlightened Grimoire p. 147,Space-Time Management,
Quietsong,"Mind 2 or 3, Entropy 1",Hidden Lore page 13; Enlightened Grimoire p. 77,Healing and Harming,
Radiate Prime Energy,"Prime 3, Entropy 2",Mage: The Ascension First Edition page 226; Enlightened Grimoire p. 51,Energy-Work,
Rapid Healing,Life 2,Order of Reason page 73; Enlightened Grimoire p. 75,Healing and Harming,
Ratstorm,"Correspondence 2, Life 2, Mind 2",Orphan’s Survival Guide page 125; Enlightened Grimoire p. 189,Uncanny Influence,
Ravensong,"Life 2, Mind 2",Orphan’s Survival Guide page 126; Enlightened Grimoire p. 105,Movement and Communication,
Re-education Mode,"Mind 4, Time 3, Prime 2",Hidden Lore page 53; Enlightened Grimoire p. 195,Uncanny Influence,
Read the Lightning,"Forces 2 or 4, Time 2",Dead Magic 2 page 143; Enlightened Grimoire p. 28,Divination and Fate,
Read the Soul,Mind 1 or Spirit 1,Mage: The Sorcerer’s Crusade page 269; Enlightened Grimoire p. 126,Mystic Perception,
Reading the Umbral Skein,"Mind 1, Spirit 2, Time 2, optional Correspondence 2 or 3",Tradition Book: Dreamspeakers (Revised) page 70; Enlightened Grimoire p. 32,Divination and Fate,
Reanimation,"Spirit 2 or Forces 2, Matter 2, Prime 2",Tradition Book: Euthanatos (Revised) page 66; Enlightened Grimoire p. 135,Necromancy,
Recant,"Entropy 2, Mind 2",Book of Crafts page 103; Enlightened Grimoire p. 195,Uncanny Influence,
Recharge Device,Prime 5,Technocracy: Iteration X page 48; Mage: The Ascension Second Edition page 215; Enlightened Grimoire p. 51,Energy-Work,
Red Button,"Entropy 3, Forces 3, Prime 2",Technocracy: New World Order page 49; Enlightened Grimoire p. 21,Computers,
Reflecting Bane,"Spirit 3 or Mind 1, optional Life 3",Dead Magic page 30; Enlightened Grimoire p. 12,Blessings and Curses,
Remembrance,"Mind 2, Prime 2",Infinite Tapestry page 183; Enlightened Grimoire p. 99,Movement and Communication,
Remote Access,"Correspondence 2, Forces 2",Digital Web 2.0 page 113; Enlightened Grimoire p. 23,Computers,
Remote Piloting Override,"Correspondence 2, Forces 2",Hidden Lore page 53; Enlightened Grimoire p. 99,Movement and Communication,
Remote Programming,Forces 2,Technocracy: Iteration X page 47; Enlightened Grimoire p. 23,Computers,
Repel the Hungry Dead,"Spirit 4, Prime 2",Book of Crafts page 135; Enlightened Grimoire p. 162,"Summoning, Binding and Warding",
Repel the Kuei,Mind 2 or Spirit 2,Dragons of the East page 59; Enlightened Grimoire p. 162,"Summoning, Binding and Warding",
Return to Darkness,"Entropy 2, Forces 2 or 3",Hidden Lore page 16; Enlightened Grimoire p. 141,Obfuscation,
Reverie,Spirit 3,Order of Reason page 85; Enlightened Grimoire p. 114,Movement and Communication,
Riding the Railroad,Correspondence 3 or 4,Tradition Book: Hollow Ones (Revised) page 62; Enlightened Grimoire p. 111,Movement and Communication,
Ring of Truth,Entropy 1,Mage: The Ascension Second Edition page 193; Mage: The Ascension Revised page 162; Enlightened Grimoire p. 122,Mystic Perception,
Rokea'ole,"Life 3, Spirit 3",Dead Magic 2 page 29; Enlightened Grimoire p. 175,Transformations,
Rolling Hands,Forces 1,Tradition Book: Akashic Brotherhood (Revised) page 67; Enlightened Grimoire p. 62,Enhanced Combat,
Romance,Mind 2,Order of Reason page 78; Enlightened Grimoire p. 184,Uncanny Influence,
Rooftop Leap,"Forces 3, Life 3",Tradition Book: Hollow Ones (Revised) page 63; Enlightened Grimoire p. 116,Movement and Communication,
Rouge,Life 2,Order of Reason page 73; Enlightened Grimoire p. 167,Transformations,
Rouse the Dragon,"Forces 5, Matter 5, Prime 4, Spirit 4",Dragons of the East page 58; Enlightened Grimoire p. 39,Elemental Magick,
Rubbing of Bones,Prime 2,Mage: The Ascension First Edition page 211; Mage: The Ascension Second Edition page 215; Enlightened Grimoire p. 79,Healing and Harming,
Running Scenarios,"Entropy 2, Mind 4, Time 2",Tradition Book: Hollow Ones (Revised) page 68; Enlightened Grimoire p. 32,Divination and Fate,
Sabotage,Matter 2 or Entropy 2,Mage: The Ascension Revised page 163; Order of Reason page 76; Enlightened Grimoire p. 88,Inanimate Objects,
Safecracker,"Entropy 2, Matter 1",Hidden Lore page 16; Enlightened Grimoire p. 103,Movement and Communication,
Salmon of Wisdom,"Mind 3, Time 2, optional Spirit 2",Dead Magic 2 page 120; Enlightened Grimoire p. 33,Divination and Fate,
Scan Memories,"Mind 2; Mind 4, optional Entropy 2 or Time 2",Technocracy: Progenitors page 42; Enlightened Grimoire p. 193,Uncanny Influence,
Scent of Control,"Life 3, Mind 2",Tradition Book: Hollow Ones (Revised) page 63; Enlightened Grimoire p. 187,Uncanny Influence,
Schedule of Heaven,"Spirit 2, Correspondence 2",The Spirit Ways page 88; Enlightened Grimoire p. 114,Movement and Communication,
Sculpture,Matter 3,Mage: The Ascension Second Edition page 207; Mage: The Ascension First Edition page 203; Mage: The Ascension Second Edition page 206; Mage: The Ascension Revised page 173; Enlightened Grimoire p. 83,Inanimate Objects,
Search Engine,"Entropy 4, Correspondence 3, Spirit 3",Dead Magic page 54; Enlightened Grimoire p. 28,Divination and Fate,
Secure the Scene,"Mind 2 or 3, Forces 1, Matter 1, optional Forces 3",Mage: The Ascension 20th Anniversary Edition page 604; Enlightened Grimoire p. 137,Obfuscation,
Sedna's Blessing,"Correspondence 2, Mind 2",Dead Magic page 131; Enlightened Grimoire p. 189,Uncanny Influence,
See no Evil,Spirit 1,Order of Reason page 84; Enlightened Grimoire p. 127,Mystic Perception,
See the Light,"Mind 3, Entropy 3 or Entropy 5",Tradition Book: Celestial Chorus page 65; Enlightened Grimoire p. 195,Uncanny Influence,
See the Soul's Burn,"Entropy 2, Mind 1, Spirit 1",Tradition Book: Euthanatos (First Edition) page 66; Enlightened Grimoire p. 122,Mystic Perception,
Self Possession,Mind 4,Lost Paths: Ahl-i-Batin and Taftani page 91; Enlightened Grimoire p. 196,Uncanny Influence,
Self-Sacrifice,Prime 1,Tradition Book: Verbena (Revised) page 67; Enlightened Grimoire p. 55,Energy-Work,
Semi Auto CAD CAM,Matter 5,Mage: The Ascension First Edition page 221; Enlightened Grimoire p. 83,Inanimate Objects,
Sense Node,"Correspondence 2, Prime 1",Technocracy: New World Order page 48; Enlightened Grimoire p. 49,Energy-Work,
Sense Quintessence,Prime 1,Mage: The Ascension First Edition page 210; Mage: The Ascension Second Edition page 214; Enlightened Grimoire p. 51,Energy-Work,
Sense the Demon's Weakness,"Entropy 1, Spirit 1",Book of Crafts page 135; Enlightened Grimoire p. 155,"Summoning, Binding and Warding",
Sense the Dreamsong,"Correspondence 1, Spirit 1",Dead Magic 2 page 66; Enlightened Grimoire p. 109,Movement and Communication,
Sense the Echo of the Dragon,"Mind 3, Time 2",Mage: The Ascension First Edition page 226; Enlightened Grimoire p. 57,Enhanced Combat,
Sense the Fleeting Moment,Time 1,Tradition Book: Verbena (First Edition) page 63; Enlightened Grimoire p. 128,Mystic Perception,
Sense the Nagloper,"Life 2, Time 2, Matter 1",Dead Magic page 28; Enlightened Grimoire p. 156,"Summoning, Binding and Warding",
Serene Temple,"Mind 1, Life 2",Mage: The Ascension First Edition page 226; Enlightened Grimoire p. 75,Healing and Harming,
Serenity of the Stone,"Prime 5, Time 5, Entropy 4, Life 3, Mind 3",Horizon: Stronghold of Hope page 115; Masters of the Art page 76; Enlightened Grimoire p. 147,Space-Time Management,
Sha'ir's Sentence,"Entropy 3, Life 2, Mind 2",Lost Paths: Ahl-i-Batin and Taftani page 90; Enlightened Grimoire p. 14,Blessings and Curses,
Shadow Project,Forces 2,Orphan’s Survival Guide page 126; Enlightened Grimoire p. 141,Obfuscation,
Shadow Sight,"Correspondence 1, Entropy 1, Mind 1, Spirit 1",Tradition Book: Hollow Ones (Revised) page 66; Enlightened Grimoire p. 131,Necromancy,
Shadows in the Mist,"Forces 2, Spirit 1",Book of Shadows page 143; Enlightened Grimoire p. 156,"Summoning, Binding and Warding",
Shameful Outburst,Mind 2,Order of Reason page 78; Enlightened Grimoire p. 187,Uncanny Influence,
Shango's Grave,"Entropy 3, Forces 5, Matter 2, Prime 2",Mage: The Ascension First Edition page 222; Enlightened Grimoire p. 97,Miscellaneous,
Shapechange Curse,"Life 5, Mind 4",Dead Magic 2 page 120; Enlightened Grimoire p. 175,Transformations,
Shapeshifter Prison,"Life 4, optional Prime 2",Order of Reason page 109; Enlightened Grimoire p. 175,Transformations,
Shapeshifting,Life 5,Technocracy: Progenitors page 40; Enlightened Grimoire p. 175,Transformations,
Sharing the Outsider’s Gaze,"Mind 4, Prime 1, Spirit 3",Infinite Tapestry page 183; Enlightened Grimoire p. 151,"Summoning, Binding and Warding",
Shinobijutsu,"Matter 2, Prime 2",Tradition Book: Akashic Brotherhood (Revised) page 69; Enlightened Grimoire p. 141,Obfuscation,
Shishipat's Favor,"Life 1; Entropy 3, Spirit 2, optional Correspondence 2",Dead Magic page 132; Enlightened Grimoire p. 13,Blessings and Curses,
Shortcut,Correspondence 2 or 3,Order of Reason page 67; Enlightened Grimoire p. 101,Movement and Communication,
Shuttle,Correspondence 3 or 4,Technocracy: Void Engineers page 41; Enlightened Grimoire p. 111,Movement and Communication,
Sidestep Time,Time 5,Mage: The Ascension First Edition page 219; Mage: The Ascension Second Edition page 223; Mage: The Ascension Revised page 194; Enlightened Grimoire p. 147,Space-Time Management,
Simple Biochemical Manipulation,Life 2,Technocracy: Progenitors page 43; Enlightened Grimoire p. 178,Transformations,
Simple Transmutation,Matter 2,Order of Reason page 75; Enlightened Grimoire p. 93,Inanimate Objects,
Simulate Inborn Errors of Metabolism,"Life 4, Entropy 4",Technocracy: Progenitors page 44; Enlightened Grimoire p. 73,Healing and Harming,
Sin,"Entropy 2, Spirit 2, Prime 1 or Entropy 4, Spirit 4, Prime 4",Dead Magic page 54; Enlightened Grimoire p. 29,Divination and Fate,
Sing to the Whales,Mind 2,Dead Magic page 132; Enlightened Grimoire p. 189,Uncanny Influence,
Singularity,"Correspondence 4, Time 3",Mage: The Ascension Revised page 160; Convention Book: Void Engineers (Revised) page 86; Enlightened Grimoire p. 149,Space-Time Management,
Sinner’s Redemption,Mind 5,Order of Reason page 109; Enlightened Grimoire p. 196,Uncanny Influence,
Slow Time,Time 3,Mage: The Ascension First Edition page 219; Mage: The Ascension Second Edition page 223; Enlightened Grimoire p. 147,Space-Time Management,
Smart Drink,"Mind 2, Life 2, Prime 1, Spirit 1, Time 1",Book of Crafts page 41; Enlightened Grimoire p. 129,Mystic Perception,
Smoke Screen,Matter 3,World of Darkness: Outcasts page 91; Enlightened Grimoire p. 141,Obfuscation,
Smoke-bomb Trick,"Forces 2, Life 3",Mage: The Ascension First Edition page 223; Enlightened Grimoire p. 141,Obfuscation,
Smoker's Timing,Time 2,Guide to the Traditions page 280; Enlightened Grimoire p. 143,Space-Time Management,
Sneaking Shadow,"Forces 2, Mind 2",Book of Shadows page 139; Enlightened Grimoire p. 97,Miscellaneous,
Social Conditioning,"Mind 3, Prime 2",Technocracy: New World Order page 46; Guide to the Technocracy page 214; Enlightened Grimoire p. 196,Uncanny Influence,
Song of Orpheus,"Life 4 or 5, Matter 2, Prime 2, Time 2, Spirit 5",Book of Shadows page 147; Enlightened Grimoire p. 134,Necromancy,
Songline Soaring,Spirit 3,Dead Magic 2 page 66; Enlightened Grimoire p. 109,Movement and Communication,
Songs of Future Days,Time 2,Mage: The Ascension First Edition page 218; Mage: The Ascension Second Edition page 223; Enlightened Grimoire p. 33,Divination and Fate,
Soothe the Dead,Spirit 3,Dead Magic page 30; Enlightened Grimoire p. 133,Necromancy,
Soul Cloak,"Spirit 3, Entropy 2, Mind 2, Prime 2",Infernalism: The Path of Screams page 87; Enlightened Grimoire p. 139,Obfuscation,
Soul Shaping,"Spirit 5, Mind 4, Prime 3",World of Darkness: Outcasts page 90; Enlightened Grimoire p. 197,Uncanny Influence,
Sound/Thought Transfer,"Forces 2, Mind 3",Tradition Book: Hollow Ones (Revised) page 63; Enlightened Grimoire p. 104,Movement and Communication,
Sparrow’s Fall,Entropy 5,Tradition Book: Euthanatos (Revised) page 62; Order of Reason page 110; Enlightened Grimoire p. 29,Divination and Fate,
Spearcatcher Rune,"Correspondence 1, Time 3, optional Forces 3",Dead Magic 2 page 98; Enlightened Grimoire p. 57,Enhanced Combat,
Spinning Thread,"Forces 3 or Matter 3, Prime 2, Spirit 2",Lost Paths: Ahl-i-Batin and Taftani page 91; Enlightened Grimoire p. 51,Energy-Work,
Spirit Cloak,"Mind 2, Spirit 2",Tradition Book: Dreamspeakers (First Edition) page 67; Enlightened Grimoire p. 114,Movement and Communication,
Spirit Eating,"Mind 3, Prime 3, Spirit 2",Tradition Book: Dreamspeakers (Revised) page 69; Enlightened Grimoire p. 151,"Summoning, Binding and Warding",
Spirit Pilgrimage,"Prime 5, Life 3",Mage: The Ascension First Edition page 226; Enlightened Grimoire p. 53,Energy-Work,
Spirit Roster,"Correspondence 2, Spirit 1 or 2",Hidden Lore page 15; Enlightened Grimoire p. 159,"Summoning, Binding and Warding",
Spirit Slaying,"Spirit 2, Prime 2",Tradition Book: Dreamspeakers (Revised) page 69; Enlightened Grimoire p. 151,"Summoning, Binding and Warding",
Spirit Wall,Spirit 4,Mage: The Sorcerer’s Crusade page 273; Enlightened Grimoire p. 162,"Summoning, Binding and Warding",
Spirit Wounder,Spirit 2,Tradition Book: Akashic Brotherhood (First Edition) page 64; Enlightened Grimoire p. 62,Enhanced Combat,
Spirit Wounding,"Spirit 4, Matter 3",Book of Shadows page 143; Enlightened Grimoire p. 151,"Summoning, Binding and Warding",
Spiritual Persuasion,"Mind 2, Spirit 2; Spirit 2",Tradition Book: Dreamspeakers (Revised) page 67; Enlightened Grimoire p. 153,"Summoning, Binding and Warding",
Splitting a Cuirass,"Forces 2, optional Matter 3",Dead Magic 2 page 98; Enlightened Grimoire p. 63,Enhanced Combat,
Spontaneous Generation,"Life 3 or Matter 3, Prime 2",Dead Magic page 108; Enlightened Grimoire p. 171,Transformations,
Spot the Man,"Correspondence 1, Life 1, Matter 1, Prime 1",Tradition Book: Hollow Ones (Revised) page 63; Enlightened Grimoire p. 127,Mystic Perception,
Statistical Mechanics,Entropy 2,Technocracy: Iteration X page 47; Enlightened Grimoire p. 15,Blessings and Curses,
Stay the God's Hand,"Entropy 1, Life 1 or 3",Dead Magic page 52; Enlightened Grimoire p. 75,Healing and Harming,
Stepping Sideways,Spirit 3,Mage: The Ascension First Edition page 214; Mage: The Ascension Second Edition page 218; Mage: The Ascension Revised page 188; Enlightened Grimoire p. 114,Movement and Communication,
Stoicism,"Mind 1, Matter 1",Dead Magic page 108; Enlightened Grimoire p. 181,Uncanny Influence,
Stop-Gap Resurrection,"Life 4, Mind 4",Convention Book: Progenitors (Revised) page 74; Enlightened Grimoire p. 79,Healing and Harming,
Storm Rune,"Entropy 3, Forces 3",Dead Magic 2 page 99; Enlightened Grimoire p. 44,Elemental Magick,
"Strains of Laughter, Sleep and Sorrow",Mind 2,Tradition Book: Verbena (Revised) page 67; Enlightened Grimoire p. 187,Uncanny Influence,
Subliminal Impulse,Mind 2,Mage: The Ascension First Edition page 206; Mage: The Ascension Second Edition page 210; Enlightened Grimoire p. 104,Movement and Communication,
Subliminal Transmission,"Mind 2 or 4, Correspondence 2 or 3, optional Entropy 2",Digital Web 2.0 page 113; Enlightened Grimoire p. 104,Movement and Communication,
Subtle Persuasion,"Mind 2, Prime 2",Order of Reason page 90; Enlightened Grimoire p. 188,Uncanny Influence,
Summon the Earthly Gods,"Spirit 4, Mind 4, Correspondence 4",Dragons of the East page 59; Enlightened Grimoire p. 159,"Summoning, Binding and Warding",
Summon Volva,"Entropy 1, Spirit 2, optional Correspondence 2, optional Time 2",Dead Magic 2 page 103; Enlightened Grimoire p. 135,Necromancy,
Supporting the Brain,"Life 4, Matter 2, Mind 2, Prime 2",Book of Shadows page 143; Enlightened Grimoire p. 171,Transformations,
Sure Footing,"Matter 3, Prime 2",Tradition Book: Akashic Brotherhood (First Edition) page 62; Enlightened Grimoire p. 116,Movement and Communication,
Surpu,"Life 3, Spirit 2",Dead Magic page 55; Enlightened Grimoire p. 75,Healing and Harming,
Survivor’s Charm,Life 2 or 3,Mage: The Sorcerer’s Crusade page 271; Enlightened Grimoire p. 179,Transformations,
Sustenance Pill,"Life 3, Prime 2",Hidden Lore page 52; Enlightened Grimoire p. 69,Healing and Harming,
Symphony of the Soul,Time 3,Order of Reason page 87; Enlightened Grimoire p. 147,Space-Time Management,
Synchronize Watches,Time 1,Technocracy: New World Order page 48; Enlightened Grimoire p. 143,Space-Time Management,
System Crash,"Correspondence 2, Forces 2, Prime 2",Digital Web 2.0 page 113; Enlightened Grimoire p. 21,Computers,
System Havoc,Forces 2,Mage: The Ascension First Edition page 195; Mage: The Ascension Second Edition page 198; Enlightened Grimoire p. 21,Computers,
Taliesin's Song,"Life 3, Mind 2",Tradition Book: Verbena (First Edition) page 64; Enlightened Grimoire p. 184,Uncanny Influence,
Talisman Transmogrification,"Matter 3, Prime 3",Mage: The Ascension First Edition page 225; Enlightened Grimoire p. 90,Inanimate Objects,
Talons,"Life 3 or 4, optional Matter 2, optional Prime 2",Book of Shadows page 146; Mage: The Ascension 20th Anniversary Edition page 609; Enlightened Grimoire p. 179,Transformations,
Tap Node,Prime 3,Technocracy: Void Engineers page 45; Enlightened Grimoire p. 49,Energy-Work,
Targeting Computation,Correspondence 1,Technocracy: Iteration X page 47; Order of Reason page 66 (as Targeting); Artisan’s Handbook page 46 (as Aiming Grid); Enlightened Grimoire p. 57,Enhanced Combat,
Telltale,Correspondence 2,Order of Reason page 65; Enlightened Grimoire p. 162,"Summoning, Binding and Warding",
Temper Viasilicos,"Correspondence 2, Mind 1",Order of Reason page 107; Enlightened Grimoire p. 105,Movement and Communication,
Tempest in a Teapot,Forces 3,Mage: The Ascension Second Edition page 199; Mage: The Ascension Revised page 168; Dead Magic 2 page 29; Enlightened Grimoire p. 44,Elemental Magick,
Temple Gongs,"Forces 4, Matter 4, Mind 4, Life 3, Prime 2",Hidden Lore page 52; Enlightened Grimoire p. 197,Uncanny Influence,
Terminal Sanitization,Prime 5,Technocracy: Void Engineers page 46; Enlightened Grimoire p. 49,Energy-Work,
That Rascal Puff,"Life 3, Forces 3, Prime 2, Correspondence 2",Hidden Lore page 51; Enlightened Grimoire p. 21,Computers,
The Ball Game,Life 2,Dead Magic page 76; Enlightened Grimoire p. 53,Energy-Work,
The Burning Lotus,"Prime 5, Entropy 4, Forces 3, optional Spirit 2, optional Mind 3",Tradition Book: Euthanatos (First Edition) page 68; Enlightened Grimoire p. 49,Energy-Work,
The Curse of Consequences,"Mind 3, Spirit 1",Tradition Book: Dreamspeakers (Revised) page 66; Enlightened Grimoire p. 77,Healing and Harming,
The Endless Pool,"Correspondence 4, optional Life 3 and Time 4 or 5",Book of Crafts page 58; Enlightened Grimoire p. 111,Movement and Communication,
The Foundling,"Correspondence 2, Life 5, Matter 2, Mind 3, Spirit 4",Mage Storyteller’s Companion page 63; Enlightened Grimoire p. 170,Transformations,
The Frenzy of the Spinning Wheels,Time 3,Artisan’s Handbook page 52; Enlightened Grimoire p. 146,Space-Time Management,
The Golden Apple,"Matter 2, Mind 2 or Matter 2, Mind 3, Prime 3",Blood Treachery page 91; Enlightened Grimoire p. 185,Uncanny Influence,
The Golden Lion,"Matter 2, optional Prime 2 or 3",Mage: The Sorcerer’s Crusade page 271; Enlightened Grimoire p. 92,Inanimate Objects,
The Hand of the Siphoner,"Prime 3, Matter 1",Book of Chantries page 149; Enlightened Grimoire p. 51,Energy-Work,
The Hero’s Challenge,Mind 2,The Swashbuckler’s Handbook page 91; Enlightened Grimoire p. 63,Enhanced Combat,
The Incredible Shrunken Machine,"Matter 5, Forces 3, Prime 2",Mage: The Ascension First Edition page 224; Enlightened Grimoire p. 81,Inanimate Objects,
The Key of Vanth,"Forces 2, Matter 2, Prime 2",Dead Magic 2 page 144; Enlightened Grimoire p. 135,Necromancy,
The Look/The Word,Mind 2,Technocracy: Syndicate page 46; Enlightened Grimoire p. 186,Uncanny Influence,
The Master's Hand,"Life 1, Prime 2",Mage Storyteller’s Companion page 63; Enlightened Grimoire p. 161,"Summoning, Binding and Warding",
The Moment that Stretches,"Mind 1 or 4, Time 3",Hidden Lore page 14; Enlightened Grimoire p. 146,Space-Time Management,
The Notorious Vampiric Lawn Chair,"Life 5, Matter 5",Mage: The Ascension 20th Anniversary Edition page; Enlightened Grimoire p. 174,Transformations,
The Rush,Prime 1,Mage: The Ascension First Edition page 210; Mage: The Ascension Second Edition page 214; Enlightened Grimoire p. 51,Energy-Work,
The Seven Golden Swords of the Tiger,"Matter 3, Spirit 3, Correspondence 4, Forces 2, Prime 2",Book of Crafts page 135; Enlightened Grimoire p. 162,"Summoning, Binding and Warding",
The Seven-League Stride,Correspondence 3,Mage: The Ascension First Edition page 185; Mage: The Ascension Second Edition page 189; Mage: The Ascension Revised page 159; Enlightened Grimoire p. 101,Movement and Communication,
The Trip,"Mind 4, Correspondence 2, Time 2, Entropy 1; Entropy 5",Mage: The Ascension Second Edition page 195; Book of Shadows page 410; Enlightened Grimoire p. 190,Uncanny Influence,
The Weeping Willow,Life 5,Book of Crafts page 89; Enlightened Grimoire p. 175,Transformations,
Thick Skin,Life 2 or 3,Orphan’s Survival Guide page 126; Enlightened Grimoire p. 179,Transformations,
Thief in the Night,"Correspondence 1, Forces 1 or 2, optional Entropy 2",Book of Crafts page 102; Enlightened Grimoire p. 103,Movement and Communication,
Threefold Return,"Entropy 4, Time 4",Tradition Book: Verbena (Revised) page 68; Enlightened Grimoire p. 9,Blessings and Curses,
Thunder Bridge,"Forces 3, Prime 2, optional Matter 2; Spirit 2, Forces 2",Dragons of the East page 58; Enlightened Grimoire p. 116,Movement and Communication,
Thunder’s Gauntlet,Mind 3,Mage: The Ascension Revised page 178; Enlightened Grimoire p. 105,Movement and Communication,
Time Lock,"Time 4, Forces 2 or 3, optional Prime 2",Tradition Book: Order of Hermes (First Edition) page 66; Enlightened Grimoire p. 37,Elemental Magick,
Time Warp,Time 5,Mage: The Ascension Revised page 193; Enlightened Grimoire p. 147,Space-Time Management,
Time-Motion Study,"Correspondence 1, Time 1",Technocracy: Iteration X page 49; Enlightened Grimoire p. 59,Enhanced Combat,
Titan’s Power,Life 3 or 4,Mage: The Sorcerer’s Crusade page 273; Enlightened Grimoire p. 179,Transformations,
Tolerance,"Life 2, Mind 1",Tradition Book: Cult of Ecstasy (Revised) page 72; Enlightened Grimoire p. 71,Healing and Harming,
Trailblazing,"Prime 2, Spirit 2",Tradition Book: Dreamspeakers (First Edition) page 67; Enlightened Grimoire p. 115,Movement and Communication,
Transephemeration Ray Projector,"Matter 3, Life 3; Correspondence 5, Matter 3",Mage: The Ascension First Edition page 225; Enlightened Grimoire p. 83,Inanimate Objects,
Transfer Memories,Mind 3,Technocracy: Progenitors page 42; Enlightened Grimoire p. 193,Uncanny Influence,
Transformers,Matter 4,Mage: The Ascension Second Edition page 207; Mage: The Ascension Revised page 174; Enlightened Grimoire p. 84,Inanimate Objects,
Transmutation,Matter 4,Mage: The Ascension First Edition page 204; Enlightened Grimoire p. 93,Inanimate Objects,
Trickshot,"Correspondence 1, Entropy 1, Forces 1, Mind 1",Initiates of the Art page 81; Enlightened Grimoire p. 65,Enhanced Combat,
True Form,"Mind 1, Entropy 1, Spirit 1, optional Life 1",Tradition Book: Cult of Ecstasy (Revised) page 70; Enlightened Grimoire p. 126,Mystic Perception,
Tsuiho - The Fires of Heaven,Correspondence 4,Dragons of the East page 60; Enlightened Grimoire p. 43,Elemental Magick,
Tumo,"Life 2, optional Forces 2",Tradition Book: Akashic Brotherhood (Revised) page 70; Enlightened Grimoire p. 179,Transformations,
"Tune In, Turn On, Drop Out","Time 4, Life 3",Mage: The Ascension First Edition page 228; Enlightened Grimoire p. 147,Space-Time Management,
Turkey Basting,"Mind 3, Life 3",Technocracy: Syndicate page 48; Enlightened Grimoire p. 79,Healing and Harming,
TWACI,"Correspondence 3, Forces 3, Mind 2",Tradition Book: Virtual Adepts (Revised) page 66; Enlightened Grimoire p. 39,Elemental Magick,
Twisted Yarrow Stalks,"Mind 3, Correspondence 4, Entropy 2",Dragons of the East page 66; Enlightened Grimoire p. 163,"Summoning, Binding and Warding",
Ultimate Argument,Mind 3,Order of Reason page 80; Enlightened Grimoire p. 197,Uncanny Influence,
Umbral Visions,"Correspondence 2 or 3, Mind 1, Spirit 2",Tradition Book: Dreamspeakers (Revised) page 67; Enlightened Grimoire p. 115,Movement and Communication,
Unraveling the Text,"Entropy 2, Matter 2, Prime 2",Book of Shadows page 142; Enlightened Grimoire p. 107,Movement and Communication,
Unseen Arm,"Forces 5, Prime 2",Mage: The Ascension First Edition page 223; Enlightened Grimoire p. 97,Miscellaneous,
Unseen Nomenclature,"Mind 2, Matter 2, Prime 2",Book of Shadows page 142; Enlightened Grimoire p. 107,Movement and Communication,
Uther's Butchered Visage,"Life 3, Mind 1",Mage: The Ascension First Edition page 224; Enlightened Grimoire p. 167,Transformations,
Vext,"Entropy 2, Time 3",Tradition Book: Hollow Ones (Revised) page 64; Enlightened Grimoire p. 15,Blessings and Curses,
View the Scattered Lotus Petals,"Time 2, Entropy 1, optional Correspondence 2; Entropy 2, Time 2",Tradition Book: Euthanatos (Revised) page 60; Enlightened Grimoire p. 33,Divination and Fate,
Visionary Bloodletting,"Spirit 2, Mind 1",Dead Magic page 76; Enlightened Grimoire p. 159,"Summoning, Binding and Warding",
Vitality,Prime 2,Order of Reason page 82; Enlightened Grimoire p. 92,Inanimate Objects,
Voice Across the Void,"Correspondence 2, Mind 3, Spirit 3",Tradition Book: Hollow Ones (Revised) page 66; Enlightened Grimoire p. 131,Necromancy,
Voice of the Jade Ancestors,"Mind 2, Spirit 2",Book of Crafts page 134; Enlightened Grimoire p. 131,Necromancy,
Vulcan’s Hammer,"Life 4, Matter 3, Forces 3, optional Prime 2",Tradition Book: Order of Hermes (Revised) page 67; Enlightened Grimoire p. 175,Transformations,
Walking the Open Path,"Spirit 2, Prime 1",Tradition Book: Dreamspeakers (Revised) page 66; Enlightened Grimoire p. 115,Movement and Communication,
Wall of Mirrors,"Correspondence 4, Forces 3",Book of Shadows page 140; Enlightened Grimoire p. 163,"Summoning, Binding and Warding",
Ward Rune,"Correspondence 4, Mind 3, optional Spirit 2",Dead Magic 2 page 99; Enlightened Grimoire p. 163,"Summoning, Binding and Warding",
Warding Heads,"Spirit 3; Correspondence 2, Spirit 2",Dead Magic page 30; Enlightened Grimoire p. 163,"Summoning, Binding and Warding",
Watch the Weaving,Prime 1,Mage: The Ascension Revised page 182; Enlightened Grimoire p. 46,Energy-Work,
Waters of the Well of Life,Life 5,Tradition Book: Verbena (Revised) page 68; Enlightened Grimoire p. 79,Healing and Harming,
Wayfarer’s Reckoning,"Correspondence 2, Forces 1, Matter 1",Mage: The Sorcerer’s Crusade page 271; Enlightened Grimoire p. 99,Movement and Communication,
We'll Get There,"Correspondence 1, Entropy 2",Tradition Book: Hollow Ones (Revised) page 64; Enlightened Grimoire p. 99,Movement and Communication,
Weather Working,Forces 4,Mage: The Ascension Revised page 167 (as Storm Watch); Dead Magic 2 page 103; Enlightened Grimoire p. 44,Elemental Magick,
Weaver's Retribution,"Spirit 4, Correspondence 3, Forces 3, Mind 2, Prime 2",Lost Paths: Ahl-i-Batin and Taftani page 92; Enlightened Grimoire p. 155,"Summoning, Binding and Warding",
Webcrawlers,"Correspondence 3, Forces 3, Prime 2",Tradition Book: Virtual Adepts (Revised) page 66; Enlightened Grimoire p. 20,Computers,
Welcoming the Jester,"Mind 4 or Entropy 2, Mind 2",World of Darkness: Outcasts page 91; Enlightened Grimoire p. 197,Uncanny Influence,
"Well, It Is Vegas",Mind 3,Fallen Tower: Las Vegas pas 121; Enlightened Grimoire p. 140,Obfuscation,
Wildfire,"Entropy 2, Forces 2",Tradition Book: Order of Hermes (Revised) page 68; Enlightened Grimoire p. 43,Elemental Magick,
Willful Binding,Mind 4,Tradition Book: Verbena (Revised) page 69; Enlightened Grimoire p. 197,Uncanny Influence,
Wind-Water Skein,"Correspondence 3, Matter 3, Forces 2, Prime 2",Dragons of the East page 66; Enlightened Grimoire p. 63,Enhanced Combat,
Wings of the Lasa,"Life 3, Spirit 3",Dead Magic 2 page 145; Enlightened Grimoire p. 109,Movement and Communication,
Wolf Form,"Life 4, Mind 2",Dead Magic 2 page 129; Enlightened Grimoire p. 175,Transformations,
Workflow,"Mind 2, Time 3",Convention Book: Syndicate (Revised) page 75; Enlightened Grimoire p. 190,Uncanny Influence,
Wrath of God,Prime 2,Order of Reason page 82; Enlightened Grimoire p. 59,Enhanced Combat,
Writing on the Wall,"Matter 1, Mind 3",Tradition Book: Hollow Ones (Revised) page 64; Enlightened Grimoire p. 108,Movement and Communication,
Wyrd Visions,"Correspondence 2, Entropy 1, Time 2",Dead Magic 2 page 102; Enlightened Grimoire p. 29,Divination and Fate,
Yao Su Dragon Thunder,"Forces 3 or Matter 3, Spirit 2, Prime 2",Book of Crafts page 135; Enlightened Grimoire p. 39,Elemental Magick,
Zeitgeist,"Mind 2, Spirit 2, Time 2",Tradition Book: Cult of Ecstasy (First Edition) page 65; Tradition Book: Cult of Ecstasy (Revised) page 73; Enlightened Grimoire p. 160,"Summoning, Binding and Warding",
Zen and the Art of Panhandling,"Time 5, Prime 3",Mage: The Ascension First Edition page 229; Enlightened Grimoire p. 147,Space-Time Management,
